result_grades_id;result_grades_school_id;result_grades_school_year_id;result_grades_semester;result_grades_group_id;result_grades_student_id;result_grades_value_type;result_grades_source_id;result_grades_source_title;result_grades_teacher_id;result_grades_subject_id;result_grades_original_value;result_grades_adjust_value;result_grades_created_at;result_grades_updated_at
2515810;1;3;1;3;41;1;25;Latihan 1 bind;19;1;55;55;2025-09-01 21:03:09;2025-09-01 21:03:09
2515811;1;3;1;3;42;1;25;Latihan 1 bind;19;1;100;100;2025-09-01 21:03:08;2025-09-01 21:03:08
2515812;1;3;1;3;43;1;25;Latihan 1 bind;19;1;96;96;2025-09-01 21:03:08;2025-09-01 21:03:08
2515813;1;3;1;3;44;1;25;Latihan 1 bind;19;1;100;100;2025-09-01 21:03:09;2025-09-01 21:03:09
2515814;1;3;1;3;45;1;25;Latihan 1 bind;19;1;92;92;2025-09-01 21:03:09;2025-09-01 21:03:09
2515815;1;3;1;3;46;1;25;Latihan 1 bind;19;1;68;68;2025-09-01 21:03:09;2025-09-01 21:03:09
2515816;1;3;1;3;47;1;25;Latihan 1 bind;19;1;84;84;2025-09-01 21:03:09;2025-09-01 21:03:09
2515817;1;3;1;3;48;1;25;Latihan 1 bind;19;1;88;88;2025-09-01 21:03:09;2025-09-01 21:03:09
2515818;1;3;1;3;49;1;25;Latihan 1 bind;19;1;92;92;2025-09-01 21:03:09;2025-09-01 21:03:09
2515819;1;3;1;3;50;1;25;Latihan 1 bind;19;1;93;93;2025-09-01 21:03:09;2025-09-01 21:03:09
2515820;1;3;1;3;51;1;25;Latihan 1 bind;19;1;98;98;2025-09-01 21:03:09;2025-09-01 21:03:09
2515821;1;3;1;3;52;1;25;Latihan 1 bind;19;1;69;69;2025-09-01 21:03:09;2025-09-01 21:03:09
2515822;1;3;1;3;53;1;25;Latihan 1 bind;19;1;78;78;2025-09-01 21:03:09;2025-09-01 21:03:09
2515823;1;3;1;3;54;1;25;Latihan 1 bind;19;1;96;96;2025-09-01 21:03:09;2025-09-01 21:03:09
2515824;1;3;1;3;55;1;25;Latihan 1 bind;19;1;72;72;2025-09-01 21:03:09;2025-09-01 21:03:09
2515825;1;3;1;3;56;1;25;Latihan 1 bind;19;1;42;42;2025-09-01 21:03:09;2025-09-01 21:03:09
2515826;1;3;1;3;57;1;25;Latihan 1 bind;19;1;40;40;2025-09-01 21:03:09;2025-09-01 21:03:09
2515827;1;3;1;3;58;1;25;Latihan 1 bind;19;1;60;60;2025-09-01 21:03:09;2025-09-01 21:03:09
2515828;1;3;1;3;59;1;25;Latihan 1 bind;19;1;86;86;2025-09-01 21:03:09;2025-09-01 21:03:09
2515829;1;3;1;3;60;1;25;Latihan 1 bind;19;1;77;77;2025-09-01 21:03:09;2025-09-01 21:03:09
2515830;1;3;1;3;41;1;26;Latihan 2 bind;19;1;87;87;2025-09-01 21:03:09;2025-09-01 21:03:09
2515831;1;3;1;3;42;1;26;Latihan 2 bind;19;1;45;45;2025-09-01 21:03:09;2025-09-01 21:03:09
2515832;1;3;1;3;43;1;26;Latihan 2 bind;19;1;60;60;2025-09-01 21:03:09;2025-09-01 21:03:09
2515833;1;3;1;3;44;1;26;Latihan 2 bind;19;1;48;48;2025-09-01 21:03:09;2025-09-01 21:03:09
2515834;1;3;1;3;45;1;26;Latihan 2 bind;19;1;42;42;2025-09-01 21:03:09;2025-09-01 21:03:09
2515835;1;3;1;3;46;1;26;Latihan 2 bind;19;1;49;49;2025-09-01 21:03:09;2025-09-01 21:03:09
2515836;1;3;1;3;47;1;26;Latihan 2 bind;19;1;68;68;2025-09-01 21:03:09;2025-09-01 21:03:09
2515837;1;3;1;3;48;1;26;Latihan 2 bind;19;1;70;70;2025-09-01 21:03:09;2025-09-01 21:03:09
2515838;1;3;1;3;49;1;26;Latihan 2 bind;19;1;62;62;2025-09-01 21:03:09;2025-09-01 21:03:09
2515839;1;3;1;3;50;1;26;Latihan 2 bind;19;1;98;98;2025-09-01 21:03:09;2025-09-01 21:03:09
2515840;1;3;1;3;51;1;26;Latihan 2 bind;19;1;90;90;2025-09-01 21:03:09;2025-09-01 21:03:09
2515841;1;3;1;3;52;1;26;Latihan 2 bind;19;1;48;48;2025-09-01 21:03:09;2025-09-01 21:03:09
2515842;1;3;1;3;53;1;26;Latihan 2 bind;19;1;71;71;2025-09-01 21:03:09;2025-09-01 21:03:09
2515843;1;3;1;3;54;1;26;Latihan 2 bind;19;1;85;85;2025-09-01 21:03:09;2025-09-01 21:03:09
2515844;1;3;1;3;55;1;26;Latihan 2 bind;19;1;97;97;2025-09-01 21:03:09;2025-09-01 21:03:09
2515845;1;3;1;3;56;1;26;Latihan 2 bind;19;1;94;94;2025-09-01 21:03:09;2025-09-01 21:03:09
2515846;1;3;1;3;57;1;26;Latihan 2 bind;19;1;40;40;2025-09-01 21:03:09;2025-09-01 21:03:09
2515847;1;3;1;3;58;1;26;Latihan 2 bind;19;1;92;92;2025-09-01 21:03:09;2025-09-01 21:03:09
2515848;1;3;1;3;59;1;26;Latihan 2 bind;19;1;99;99;2025-09-01 21:03:09;2025-09-01 21:03:09
2515849;1;3;1;3;60;1;26;Latihan 2 bind;19;1;77;77;2025-09-01 21:03:09;2025-09-01 21:03:09
2515850;1;3;1;3;41;1;27;Latihan 3 bind;19;1;57;57;2025-09-01 21:06:14;2025-09-01 21:06:14
2515851;1;3;1;3;42;1;27;Latihan 3 bind;19;1;68;68;2025-09-01 21:06:14;2025-09-01 21:06:14
2515852;1;3;1;3;43;1;27;Latihan 3 bind;19;1;49;49;2025-09-01 21:06:14;2025-09-01 21:06:14
2515853;1;3;1;3;44;1;27;Latihan 3 bind;19;1;92;92;2025-09-01 21:06:14;2025-09-01 21:06:14
2515854;1;3;1;3;45;1;27;Latihan 3 bind;19;1;49;49;2025-09-01 21:06:14;2025-09-01 21:06:14
2515855;1;3;1;3;46;1;27;Latihan 3 bind;19;1;65;65;2025-09-01 21:06:14;2025-09-01 21:06:14
2515856;1;3;1;3;47;1;27;Latihan 3 bind;19;1;92;92;2025-09-01 21:06:14;2025-09-01 21:06:14
2515857;1;3;1;3;48;1;27;Latihan 3 bind;19;1;91;91;2025-09-01 21:06:14;2025-09-01 21:06:14
2515858;1;3;1;3;49;1;27;Latihan 3 bind;19;1;69;69;2025-09-01 21:06:14;2025-09-01 21:06:14
2515859;1;3;1;3;50;1;27;Latihan 3 bind;19;1;93;93;2025-09-01 21:06:14;2025-09-01 21:06:14
2515860;1;3;1;3;51;1;27;Latihan 3 bind;19;1;88;88;2025-09-01 21:06:14;2025-09-01 21:06:14
2515861;1;3;1;3;52;1;27;Latihan 3 bind;19;1;88;88;2025-09-01 21:06:14;2025-09-01 21:06:14
2515862;1;3;1;3;53;1;27;Latihan 3 bind;19;1;85;85;2025-09-01 21:06:14;2025-09-01 21:06:14
2515863;1;3;1;3;54;1;27;Latihan 3 bind;19;1;100;100;2025-09-01 21:06:14;2025-09-01 21:06:14
2515864;1;3;1;3;55;1;27;Latihan 3 bind;19;1;81;81;2025-09-01 21:06:14;2025-09-01 21:06:14
2515865;1;3;1;3;56;1;27;Latihan 3 bind;19;1;89;89;2025-09-01 21:06:14;2025-09-01 21:06:14
2515866;1;3;1;3;57;1;27;Latihan 3 bind;19;1;72;72;2025-09-01 21:06:14;2025-09-01 21:06:14
2515867;1;3;1;3;58;1;27;Latihan 3 bind;19;1;78;78;2025-09-01 21:06:14;2025-09-01 21:06:14
2515868;1;3;1;3;59;1;27;Latihan 3 bind;19;1;46;46;2025-09-01 21:06:14;2025-09-01 21:06:14
2515869;1;3;1;3;60;1;27;Latihan 3 bind;19;1;97;97;2025-09-01 21:06:14;2025-09-01 21:06:14
2515870;1;3;1;3;41;1;28;Latihan 4 bind;19;1;79;79;2025-09-01 21:06:14;2025-09-01 21:06:14
2515871;1;3;1;3;42;1;28;Latihan 4 bind;19;1;75;75;2025-09-01 21:06:14;2025-09-01 21:06:14
2515872;1;3;1;3;43;1;28;Latihan 4 bind;19;1;76;76;2025-09-01 21:06:14;2025-09-01 21:06:14
2515873;1;3;1;3;44;1;28;Latihan 4 bind;19;1;90;90;2025-09-01 21:06:14;2025-09-01 21:06:14
2515874;1;3;1;3;45;1;28;Latihan 4 bind;19;1;74;74;2025-09-01 21:06:14;2025-09-01 21:06:14
2515875;1;3;1;3;46;1;28;Latihan 4 bind;19;1;91;91;2025-09-01 21:06:14;2025-09-01 21:06:14
2515876;1;3;1;3;47;1;28;Latihan 4 bind;19;1;41;41;2025-09-01 21:06:14;2025-09-01 21:06:14
2515877;1;3;1;3;48;1;28;Latihan 4 bind;19;1;90;90;2025-09-01 21:06:14;2025-09-01 21:06:14
2515878;1;3;1;3;49;1;28;Latihan 4 bind;19;1;40;40;2025-09-01 21:06:14;2025-09-01 21:06:14
2515879;1;3;1;3;50;1;28;Latihan 4 bind;19;1;86;86;2025-09-01 21:06:14;2025-09-01 21:06:14
2515880;1;3;1;3;51;1;28;Latihan 4 bind;19;1;72;72;2025-09-01 21:06:14;2025-09-01 21:06:14
2515881;1;3;1;3;52;1;28;Latihan 4 bind;19;1;81;81;2025-09-01 21:06:14;2025-09-01 21:06:14
2515882;1;3;1;3;53;1;28;Latihan 4 bind;19;1;42;42;2025-09-01 21:06:14;2025-09-01 21:06:14
2515883;1;3;1;3;54;1;28;Latihan 4 bind;19;1;43;43;2025-09-01 21:06:15;2025-09-01 21:06:15
2515884;1;3;1;3;55;1;28;Latihan 4 bind;19;1;41;41;2025-09-01 21:06:15;2025-09-01 21:06:15
2515885;1;3;1;3;56;1;28;Latihan 4 bind;19;1;56;56;2025-09-01 21:06:15;2025-09-01 21:06:15
2515886;1;3;1;3;57;1;28;Latihan 4 bind;19;1;91;91;2025-09-01 21:06:15;2025-09-01 21:06:15
2515887;1;3;1;3;58;1;28;Latihan 4 bind;19;1;87;87;2025-09-01 21:06:15;2025-09-01 21:06:15
2515888;1;3;1;3;59;1;28;Latihan 4 bind;19;1;57;57;2025-09-01 21:06:15;2025-09-01 21:06:15
2515889;1;3;1;3;60;1;28;Latihan 4 bind;19;1;69;69;2025-09-01 21:06:15;2025-09-01 21:06:15
2515890;1;3;1;3;41;1;29;Latihan 5 bind;19;1;40;40;2025-09-01 21:06:15;2025-09-01 21:06:15
2515891;1;3;1;3;42;1;29;Latihan 5 bind;19;1;73;73;2025-09-01 21:06:15;2025-09-01 21:06:15
2515892;1;3;1;3;43;1;29;Latihan 5 bind;19;1;88;88;2025-09-01 21:06:15;2025-09-01 21:06:15
2515893;1;3;1;3;44;1;29;Latihan 5 bind;19;1;70;70;2025-09-01 21:06:15;2025-09-01 21:06:15
2515894;1;3;1;3;45;1;29;Latihan 5 bind;19;1;99;99;2025-09-01 21:06:15;2025-09-01 21:06:15
2515895;1;3;1;3;46;1;29;Latihan 5 bind;19;1;52;52;2025-09-01 21:06:15;2025-09-01 21:06:15
2515896;1;3;1;3;47;1;29;Latihan 5 bind;19;1;90;90;2025-09-01 21:06:15;2025-09-01 21:06:15
2515897;1;3;1;3;48;1;29;Latihan 5 bind;19;1;86;86;2025-09-01 21:06:15;2025-09-01 21:06:15
2515898;1;3;1;3;49;1;29;Latihan 5 bind;19;1;74;74;2025-09-01 21:06:15;2025-09-01 21:06:15
2515899;1;3;1;3;50;1;29;Latihan 5 bind;19;1;53;53;2025-09-01 21:06:15;2025-09-01 21:06:15
2515900;1;3;1;3;51;1;29;Latihan 5 bind;19;1;73;73;2025-09-01 21:06:15;2025-09-01 21:06:15
2515901;1;3;1;3;52;1;29;Latihan 5 bind;19;1;48;48;2025-09-01 21:06:15;2025-09-01 21:06:15
2515902;1;3;1;3;53;1;29;Latihan 5 bind;19;1;90;90;2025-09-01 21:06:15;2025-09-01 21:06:15
2515903;1;3;1;3;54;1;29;Latihan 5 bind;19;1;77;77;2025-09-01 21:06:15;2025-09-01 21:06:15
2515904;1;3;1;3;55;1;29;Latihan 5 bind;19;1;78;78;2025-09-01 21:06:15;2025-09-01 21:06:15
2515905;1;3;1;3;56;1;29;Latihan 5 bind;19;1;54;54;2025-09-01 21:06:15;2025-09-01 21:06:15
2515906;1;3;1;3;57;1;29;Latihan 5 bind;19;1;65;65;2025-09-01 21:06:15;2025-09-01 21:06:15
2515907;1;3;1;3;58;1;29;Latihan 5 bind;19;1;90;90;2025-09-01 21:06:15;2025-09-01 21:06:15
2515908;1;3;1;3;59;1;29;Latihan 5 bind;19;1;65;65;2025-09-01 21:06:15;2025-09-01 21:06:15
2515909;1;3;1;3;60;1;29;Latihan 5 bind;19;1;57;57;2025-09-01 21:06:15;2025-09-01 21:06:15
2515910;1;3;1;3;41;1;30;Latihan 6 bind;19;1;73;73;2025-09-01 21:06:15;2025-09-01 21:06:15
2515911;1;3;1;3;42;1;30;Latihan 6 bind;19;1;62;62;2025-09-01 21:06:15;2025-09-01 21:06:15
2515912;1;3;1;3;43;1;30;Latihan 6 bind;19;1;86;86;2025-09-01 21:06:15;2025-09-01 21:06:15
2515913;1;3;1;3;44;1;30;Latihan 6 bind;19;1;95;95;2025-09-01 21:06:15;2025-09-01 21:06:15
2515914;1;3;1;3;45;1;30;Latihan 6 bind;19;1;56;56;2025-09-01 21:06:15;2025-09-01 21:06:15
2515915;1;3;1;3;46;1;30;Latihan 6 bind;19;1;46;46;2025-09-01 21:06:15;2025-09-01 21:06:15
2515916;1;3;1;3;47;1;30;Latihan 6 bind;19;1;94;94;2025-09-01 21:06:15;2025-09-01 21:06:15
2515917;1;3;1;3;48;1;30;Latihan 6 bind;19;1;47;47;2025-09-01 21:06:15;2025-09-01 21:06:15
2515918;1;3;1;3;49;1;30;Latihan 6 bind;19;1;97;97;2025-09-01 21:06:15;2025-09-01 21:06:15
2515919;1;3;1;3;50;1;30;Latihan 6 bind;19;1;81;81;2025-09-01 21:06:15;2025-09-01 21:06:15
2515920;1;3;1;3;51;1;30;Latihan 6 bind;19;1;76;76;2025-09-01 21:06:15;2025-09-01 21:06:15
2515921;1;3;1;3;52;1;30;Latihan 6 bind;19;1;96;96;2025-09-01 21:06:15;2025-09-01 21:06:15
2515922;1;3;1;3;53;1;30;Latihan 6 bind;19;1;51;51;2025-09-01 21:06:15;2025-09-01 21:06:15
2515923;1;3;1;3;54;1;30;Latihan 6 bind;19;1;45;45;2025-09-01 21:06:15;2025-09-01 21:06:15
2515924;1;3;1;3;55;1;30;Latihan 6 bind;19;1;40;40;2025-09-01 21:06:15;2025-09-01 21:06:15
2515925;1;3;1;3;56;1;30;Latihan 6 bind;19;1;60;60;2025-09-01 21:06:15;2025-09-01 21:06:15
2515926;1;3;1;3;57;1;30;Latihan 6 bind;19;1;50;50;2025-09-01 21:06:15;2025-09-01 21:06:15
2515927;1;3;1;3;58;1;30;Latihan 6 bind;19;1;84;84;2025-09-01 21:06:15;2025-09-01 21:06:15
2515928;1;3;1;3;59;1;30;Latihan 6 bind;19;1;68;68;2025-09-01 21:06:15;2025-09-01 21:06:15
2515929;1;3;1;3;60;1;30;Latihan 6 bind;19;1;70;70;2025-09-01 21:06:15;2025-09-01 21:06:15
2515930;1;3;1;3;41;2;25;UTS bind;19;1;89;89;2025-09-01 21:03:09;2025-09-01 21:03:09
2515931;1;3;1;3;42;2;25;UTS bind;19;1;43;43;2025-09-01 21:03:08;2025-09-01 21:03:08
2515932;1;3;1;3;43;2;25;UTS bind;19;1;87;87;2025-09-01 21:03:08;2025-09-01 21:03:08
2515933;1;3;1;3;44;2;25;UTS bind;19;1;55;55;2025-09-01 21:03:09;2025-09-01 21:03:09
2515934;1;3;1;3;45;2;25;UTS bind;19;1;93;93;2025-09-01 21:03:09;2025-09-01 21:03:09
2515935;1;3;1;3;46;2;25;UTS bind;19;1;51;51;2025-09-01 21:03:09;2025-09-01 21:03:09
2515936;1;3;1;3;47;2;25;UTS bind;19;1;84;84;2025-09-01 21:03:09;2025-09-01 21:03:09
2515937;1;3;1;3;48;2;25;UTS bind;19;1;81;81;2025-09-01 21:03:09;2025-09-01 21:03:09
2515938;1;3;1;3;49;2;25;UTS bind;19;1;61;61;2025-09-01 21:03:09;2025-09-01 21:03:09
2515939;1;3;1;3;50;2;25;UTS bind;19;1;82;82;2025-09-01 21:03:09;2025-09-01 21:03:09
2515940;1;3;1;3;51;2;25;UTS bind;19;1;68;68;2025-09-01 21:03:09;2025-09-01 21:03:09
2515941;1;3;1;3;52;2;25;UTS bind;19;1;77;77;2025-09-01 21:03:09;2025-09-01 21:03:09
2515942;1;3;1;3;53;2;25;UTS bind;19;1;91;91;2025-09-01 21:03:09;2025-09-01 21:03:09
2515943;1;3;1;3;54;2;25;UTS bind;19;1;91;91;2025-09-01 21:03:09;2025-09-01 21:03:09
2515944;1;3;1;3;55;2;25;UTS bind;19;1;65;65;2025-09-01 21:03:09;2025-09-01 21:03:09
2515945;1;3;1;3;56;2;25;UTS bind;19;1;84;84;2025-09-01 21:03:09;2025-09-01 21:03:09
2515946;1;3;1;3;57;2;25;UTS bind;19;1;96;96;2025-09-01 21:03:09;2025-09-01 21:03:09
2515947;1;3;1;3;58;2;25;UTS bind;19;1;100;100;2025-09-01 21:03:09;2025-09-01 21:03:09
2515948;1;3;1;3;59;2;25;UTS bind;19;1;42;42;2025-09-01 21:03:09;2025-09-01 21:03:09
2515949;1;3;1;3;60;2;25;UTS bind;19;1;51;51;2025-09-01 21:03:09;2025-09-01 21:03:09
2515950;1;3;1;3;41;2;26;UAS bind;19;1;48;48;2025-09-01 21:03:09;2025-09-01 21:03:09
2515951;1;3;1;3;42;2;26;UAS bind;19;1;66;66;2025-09-01 21:03:09;2025-09-01 21:03:09
2515952;1;3;1;3;43;2;26;UAS bind;19;1;82;82;2025-09-01 21:03:09;2025-09-01 21:03:09
2515953;1;3;1;3;44;2;26;UAS bind;19;1;52;52;2025-09-01 21:03:09;2025-09-01 21:03:09
2515954;1;3;1;3;45;2;26;UAS bind;19;1;69;69;2025-09-01 21:03:09;2025-09-01 21:03:09
2515955;1;3;1;3;46;2;26;UAS bind;19;1;51;51;2025-09-01 21:03:09;2025-09-01 21:03:09
2515956;1;3;1;3;47;2;26;UAS bind;19;1;88;88;2025-09-01 21:03:09;2025-09-01 21:03:09
2515957;1;3;1;3;48;2;26;UAS bind;19;1;81;81;2025-09-01 21:03:09;2025-09-01 21:03:09
2515958;1;3;1;3;49;2;26;UAS bind;19;1;83;83;2025-09-01 21:03:09;2025-09-01 21:03:09
2515959;1;3;1;3;50;2;26;UAS bind;19;1;48;48;2025-09-01 21:03:09;2025-09-01 21:03:09
2515960;1;3;1;3;51;2;26;UAS bind;19;1;88;88;2025-09-01 21:03:09;2025-09-01 21:03:09
2515961;1;3;1;3;52;2;26;UAS bind;19;1;54;54;2025-09-01 21:03:09;2025-09-01 21:03:09
2515962;1;3;1;3;53;2;26;UAS bind;19;1;48;48;2025-09-01 21:03:09;2025-09-01 21:03:09
2515963;1;3;1;3;54;2;26;UAS bind;19;1;63;63;2025-09-01 21:03:09;2025-09-01 21:03:09
2515964;1;3;1;3;55;2;26;UAS bind;19;1;83;83;2025-09-01 21:03:09;2025-09-01 21:03:09
2515965;1;3;1;3;56;2;26;UAS bind;19;1;65;65;2025-09-01 21:03:09;2025-09-01 21:03:09
2515966;1;3;1;3;57;2;26;UAS bind;19;1;47;47;2025-09-01 21:03:09;2025-09-01 21:03:09
2515967;1;3;1;3;58;2;26;UAS bind;19;1;67;67;2025-09-01 21:03:09;2025-09-01 21:03:09
2515968;1;3;1;3;59;2;26;UAS bind;19;1;86;86;2025-09-01 21:03:09;2025-09-01 21:03:09
2515969;1;3;1;3;60;2;26;UAS bind;19;1;50;50;2025-09-01 21:03:09;2025-09-01 21:03:09
2515970;1;3;1;3;41;1;41;Latihan 1 mtk;9;2;75;75;2025-09-01 21:03:09;2025-09-01 21:03:09
2515971;1;3;1;3;42;1;41;Latihan 1 mtk;9;2;84;84;2025-09-01 21:03:08;2025-09-01 21:03:08
2515972;1;3;1;3;43;1;41;Latihan 1 mtk;9;2;80;80;2025-09-01 21:03:08;2025-09-01 21:03:08
2515973;1;3;1;3;44;1;41;Latihan 1 mtk;9;2;76;76;2025-09-01 21:03:09;2025-09-01 21:03:09
2515974;1;3;1;3;45;1;41;Latihan 1 mtk;9;2;79;79;2025-09-01 21:03:09;2025-09-01 21:03:09
2515975;1;3;1;3;46;1;41;Latihan 1 mtk;9;2;79;79;2025-09-01 21:03:09;2025-09-01 21:03:09
2515976;1;3;1;3;47;1;41;Latihan 1 mtk;9;2;52;52;2025-09-01 21:03:09;2025-09-01 21:03:09
2515977;1;3;1;3;48;1;41;Latihan 1 mtk;9;2;87;87;2025-09-01 21:03:09;2025-09-01 21:03:09
2515978;1;3;1;3;49;1;41;Latihan 1 mtk;9;2;50;50;2025-09-01 21:03:09;2025-09-01 21:03:09
2515979;1;3;1;3;50;1;41;Latihan 1 mtk;9;2;59;59;2025-09-01 21:03:09;2025-09-01 21:03:09
2515980;1;3;1;3;51;1;41;Latihan 1 mtk;9;2;70;70;2025-09-01 21:03:09;2025-09-01 21:03:09
2515981;1;3;1;3;52;1;41;Latihan 1 mtk;9;2;93;93;2025-09-01 21:03:09;2025-09-01 21:03:09
2515982;1;3;1;3;53;1;41;Latihan 1 mtk;9;2;40;40;2025-09-01 21:03:09;2025-09-01 21:03:09
2515983;1;3;1;3;54;1;41;Latihan 1 mtk;9;2;80;80;2025-09-01 21:03:09;2025-09-01 21:03:09
2515984;1;3;1;3;55;1;41;Latihan 1 mtk;9;2;53;53;2025-09-01 21:03:09;2025-09-01 21:03:09
2515985;1;3;1;3;56;1;41;Latihan 1 mtk;9;2;93;93;2025-09-01 21:03:09;2025-09-01 21:03:09
2515986;1;3;1;3;57;1;41;Latihan 1 mtk;9;2;94;94;2025-09-01 21:03:09;2025-09-01 21:03:09
2515987;1;3;1;3;58;1;41;Latihan 1 mtk;9;2;98;98;2025-09-01 21:03:09;2025-09-01 21:03:09
2515988;1;3;1;3;59;1;41;Latihan 1 mtk;9;2;67;67;2025-09-01 21:03:09;2025-09-01 21:03:09
2515989;1;3;1;3;60;1;41;Latihan 1 mtk;9;2;84;84;2025-09-01 21:03:09;2025-09-01 21:03:09
2515990;1;3;1;3;41;1;42;Latihan 2 mtk;9;2;54;54;2025-09-01 21:03:09;2025-09-01 21:03:09
2515991;1;3;1;3;42;1;42;Latihan 2 mtk;9;2;87;87;2025-09-01 21:03:09;2025-09-01 21:03:09
2515992;1;3;1;3;43;1;42;Latihan 2 mtk;9;2;59;59;2025-09-01 21:03:09;2025-09-01 21:03:09
2515993;1;3;1;3;44;1;42;Latihan 2 mtk;9;2;74;74;2025-09-01 21:03:09;2025-09-01 21:03:09
2515994;1;3;1;3;45;1;42;Latihan 2 mtk;9;2;45;45;2025-09-01 21:03:09;2025-09-01 21:03:09
2515995;1;3;1;3;46;1;42;Latihan 2 mtk;9;2;71;71;2025-09-01 21:03:09;2025-09-01 21:03:09
2515996;1;3;1;3;47;1;42;Latihan 2 mtk;9;2;80;80;2025-09-01 21:03:09;2025-09-01 21:03:09
2515997;1;3;1;3;48;1;42;Latihan 2 mtk;9;2;77;77;2025-09-01 21:03:09;2025-09-01 21:03:09
2515998;1;3;1;3;49;1;42;Latihan 2 mtk;9;2;58;58;2025-09-01 21:03:09;2025-09-01 21:03:09
2515999;1;3;1;3;50;1;42;Latihan 2 mtk;9;2;45;45;2025-09-01 21:03:09;2025-09-01 21:03:09
2516000;1;3;1;3;51;1;42;Latihan 2 mtk;9;2;92;92;2025-09-01 21:03:09;2025-09-01 21:03:09
2516001;1;3;1;3;52;1;42;Latihan 2 mtk;9;2;63;63;2025-09-01 21:03:09;2025-09-01 21:03:09
2516002;1;3;1;3;53;1;42;Latihan 2 mtk;9;2;64;64;2025-09-01 21:03:09;2025-09-01 21:03:09
2516003;1;3;1;3;54;1;42;Latihan 2 mtk;9;2;71;71;2025-09-01 21:03:09;2025-09-01 21:03:09
2516004;1;3;1;3;55;1;42;Latihan 2 mtk;9;2;58;58;2025-09-01 21:03:09;2025-09-01 21:03:09
2516005;1;3;1;3;56;1;42;Latihan 2 mtk;9;2;61;61;2025-09-01 21:03:09;2025-09-01 21:03:09
2516006;1;3;1;3;57;1;42;Latihan 2 mtk;9;2;82;82;2025-09-01 21:03:09;2025-09-01 21:03:09
2516007;1;3;1;3;58;1;42;Latihan 2 mtk;9;2;81;81;2025-09-01 21:03:09;2025-09-01 21:03:09
2516008;1;3;1;3;59;1;42;Latihan 2 mtk;9;2;97;97;2025-09-01 21:03:09;2025-09-01 21:03:09
2516009;1;3;1;3;60;1;42;Latihan 2 mtk;9;2;87;87;2025-09-01 21:03:09;2025-09-01 21:03:09
2516010;1;3;1;3;41;1;43;Latihan 3 mtk;9;2;62;62;2025-09-01 21:06:14;2025-09-01 21:06:14
2516011;1;3;1;3;42;1;43;Latihan 3 mtk;9;2;86;86;2025-09-01 21:06:14;2025-09-01 21:06:14
2516012;1;3;1;3;43;1;43;Latihan 3 mtk;9;2;83;83;2025-09-01 21:06:14;2025-09-01 21:06:14
2516013;1;3;1;3;44;1;43;Latihan 3 mtk;9;2;76;76;2025-09-01 21:06:14;2025-09-01 21:06:14
2516014;1;3;1;3;45;1;43;Latihan 3 mtk;9;2;88;88;2025-09-01 21:06:14;2025-09-01 21:06:14
2516015;1;3;1;3;46;1;43;Latihan 3 mtk;9;2;55;55;2025-09-01 21:06:14;2025-09-01 21:06:14
2516016;1;3;1;3;47;1;43;Latihan 3 mtk;9;2;60;60;2025-09-01 21:06:14;2025-09-01 21:06:14
2516017;1;3;1;3;48;1;43;Latihan 3 mtk;9;2;86;86;2025-09-01 21:06:14;2025-09-01 21:06:14
2516018;1;3;1;3;49;1;43;Latihan 3 mtk;9;2;93;93;2025-09-01 21:06:14;2025-09-01 21:06:14
2516019;1;3;1;3;50;1;43;Latihan 3 mtk;9;2;82;82;2025-09-01 21:06:14;2025-09-01 21:06:14
2516020;1;3;1;3;51;1;43;Latihan 3 mtk;9;2;79;79;2025-09-01 21:06:14;2025-09-01 21:06:14
2516021;1;3;1;3;52;1;43;Latihan 3 mtk;9;2;100;100;2025-09-01 21:06:14;2025-09-01 21:06:14
2516022;1;3;1;3;53;1;43;Latihan 3 mtk;9;2;56;56;2025-09-01 21:06:14;2025-09-01 21:06:14
2516023;1;3;1;3;54;1;43;Latihan 3 mtk;9;2;77;77;2025-09-01 21:06:14;2025-09-01 21:06:14
2516024;1;3;1;3;55;1;43;Latihan 3 mtk;9;2;53;53;2025-09-01 21:06:14;2025-09-01 21:06:14
2516025;1;3;1;3;56;1;43;Latihan 3 mtk;9;2;48;48;2025-09-01 21:06:14;2025-09-01 21:06:14
2516026;1;3;1;3;57;1;43;Latihan 3 mtk;9;2;51;51;2025-09-01 21:06:14;2025-09-01 21:06:14
2516027;1;3;1;3;58;1;43;Latihan 3 mtk;9;2;63;63;2025-09-01 21:06:14;2025-09-01 21:06:14
2516028;1;3;1;3;59;1;43;Latihan 3 mtk;9;2;97;97;2025-09-01 21:06:14;2025-09-01 21:06:14
2516029;1;3;1;3;60;1;43;Latihan 3 mtk;9;2;53;53;2025-09-01 21:06:14;2025-09-01 21:06:14
2516030;1;3;1;3;41;1;44;Latihan 4 mtk;9;2;67;67;2025-09-01 21:06:14;2025-09-01 21:06:14
2516031;1;3;1;3;42;1;44;Latihan 4 mtk;9;2;45;45;2025-09-01 21:06:14;2025-09-01 21:06:14
2516032;1;3;1;3;43;1;44;Latihan 4 mtk;9;2;64;64;2025-09-01 21:06:14;2025-09-01 21:06:14
2516033;1;3;1;3;44;1;44;Latihan 4 mtk;9;2;44;44;2025-09-01 21:06:14;2025-09-01 21:06:14
2516034;1;3;1;3;45;1;44;Latihan 4 mtk;9;2;98;98;2025-09-01 21:06:14;2025-09-01 21:06:14
2516035;1;3;1;3;46;1;44;Latihan 4 mtk;9;2;98;98;2025-09-01 21:06:14;2025-09-01 21:06:14
2516036;1;3;1;3;47;1;44;Latihan 4 mtk;9;2;48;48;2025-09-01 21:06:14;2025-09-01 21:06:14
2516037;1;3;1;3;48;1;44;Latihan 4 mtk;9;2;73;73;2025-09-01 21:06:14;2025-09-01 21:06:14
2516038;1;3;1;3;49;1;44;Latihan 4 mtk;9;2;80;80;2025-09-01 21:06:14;2025-09-01 21:06:14
2516039;1;3;1;3;50;1;44;Latihan 4 mtk;9;2;77;77;2025-09-01 21:06:14;2025-09-01 21:06:14
2516040;1;3;1;3;51;1;44;Latihan 4 mtk;9;2;56;56;2025-09-01 21:06:14;2025-09-01 21:06:14
2516041;1;3;1;3;52;1;44;Latihan 4 mtk;9;2;97;97;2025-09-01 21:06:14;2025-09-01 21:06:14
2516042;1;3;1;3;53;1;44;Latihan 4 mtk;9;2;45;45;2025-09-01 21:06:14;2025-09-01 21:06:14
2516043;1;3;1;3;54;1;44;Latihan 4 mtk;9;2;48;48;2025-09-01 21:06:15;2025-09-01 21:06:15
2516044;1;3;1;3;55;1;44;Latihan 4 mtk;9;2;56;56;2025-09-01 21:06:15;2025-09-01 21:06:15
2516045;1;3;1;3;56;1;44;Latihan 4 mtk;9;2;68;68;2025-09-01 21:06:15;2025-09-01 21:06:15
2516046;1;3;1;3;57;1;44;Latihan 4 mtk;9;2;67;67;2025-09-01 21:06:15;2025-09-01 21:06:15
2516047;1;3;1;3;58;1;44;Latihan 4 mtk;9;2;63;63;2025-09-01 21:06:15;2025-09-01 21:06:15
2516048;1;3;1;3;59;1;44;Latihan 4 mtk;9;2;84;84;2025-09-01 21:06:15;2025-09-01 21:06:15
2516049;1;3;1;3;60;1;44;Latihan 4 mtk;9;2;91;91;2025-09-01 21:06:15;2025-09-01 21:06:15
2516050;1;3;1;3;41;1;45;Latihan 5 mtk;9;2;97;97;2025-09-01 21:06:15;2025-09-01 21:06:15
2516051;1;3;1;3;42;1;45;Latihan 5 mtk;9;2;41;41;2025-09-01 21:06:15;2025-09-01 21:06:15
2516052;1;3;1;3;43;1;45;Latihan 5 mtk;9;2;81;81;2025-09-01 21:06:15;2025-09-01 21:06:15
2516053;1;3;1;3;44;1;45;Latihan 5 mtk;9;2;92;92;2025-09-01 21:06:15;2025-09-01 21:06:15
2516054;1;3;1;3;45;1;45;Latihan 5 mtk;9;2;66;66;2025-09-01 21:06:15;2025-09-01 21:06:15
2516055;1;3;1;3;46;1;45;Latihan 5 mtk;9;2;85;85;2025-09-01 21:06:15;2025-09-01 21:06:15
2516056;1;3;1;3;47;1;45;Latihan 5 mtk;9;2;98;98;2025-09-01 21:06:15;2025-09-01 21:06:15
2516057;1;3;1;3;48;1;45;Latihan 5 mtk;9;2;85;85;2025-09-01 21:06:15;2025-09-01 21:06:15
2516058;1;3;1;3;49;1;45;Latihan 5 mtk;9;2;69;69;2025-09-01 21:06:15;2025-09-01 21:06:15
2516059;1;3;1;3;50;1;45;Latihan 5 mtk;9;2;56;56;2025-09-01 21:06:15;2025-09-01 21:06:15
2516060;1;3;1;3;51;1;45;Latihan 5 mtk;9;2;64;64;2025-09-01 21:06:15;2025-09-01 21:06:15
2516061;1;3;1;3;52;1;45;Latihan 5 mtk;9;2;94;94;2025-09-01 21:06:15;2025-09-01 21:06:15
2516062;1;3;1;3;53;1;45;Latihan 5 mtk;9;2;43;43;2025-09-01 21:06:15;2025-09-01 21:06:15
2516063;1;3;1;3;54;1;45;Latihan 5 mtk;9;2;41;41;2025-09-01 21:06:15;2025-09-01 21:06:15
2516064;1;3;1;3;55;1;45;Latihan 5 mtk;9;2;73;73;2025-09-01 21:06:15;2025-09-01 21:06:15
2516065;1;3;1;3;56;1;45;Latihan 5 mtk;9;2;65;65;2025-09-01 21:06:15;2025-09-01 21:06:15
2516066;1;3;1;3;57;1;45;Latihan 5 mtk;9;2;59;59;2025-09-01 21:06:15;2025-09-01 21:06:15
2516067;1;3;1;3;58;1;45;Latihan 5 mtk;9;2;64;64;2025-09-01 21:06:15;2025-09-01 21:06:15
2516068;1;3;1;3;59;1;45;Latihan 5 mtk;9;2;89;89;2025-09-01 21:06:15;2025-09-01 21:06:15
2516069;1;3;1;3;60;1;45;Latihan 5 mtk;9;2;76;76;2025-09-01 21:06:15;2025-09-01 21:06:15
2516070;1;3;1;3;41;1;46;Latihan 6 mtk;9;2;40;40;2025-09-01 21:06:15;2025-09-01 21:06:15
2516071;1;3;1;3;42;1;46;Latihan 6 mtk;9;2;89;89;2025-09-01 21:06:15;2025-09-01 21:06:15
2516072;1;3;1;3;43;1;46;Latihan 6 mtk;9;2;85;85;2025-09-01 21:06:15;2025-09-01 21:06:15
2516073;1;3;1;3;44;1;46;Latihan 6 mtk;9;2;92;92;2025-09-01 21:06:15;2025-09-01 21:06:15
2516074;1;3;1;3;45;1;46;Latihan 6 mtk;9;2;42;42;2025-09-01 21:06:15;2025-09-01 21:06:15
2516075;1;3;1;3;46;1;46;Latihan 6 mtk;9;2;91;91;2025-09-01 21:06:15;2025-09-01 21:06:15
2516076;1;3;1;3;47;1;46;Latihan 6 mtk;9;2;50;50;2025-09-01 21:06:15;2025-09-01 21:06:15
2516077;1;3;1;3;48;1;46;Latihan 6 mtk;9;2;91;91;2025-09-01 21:06:15;2025-09-01 21:06:15
2516078;1;3;1;3;49;1;46;Latihan 6 mtk;9;2;85;85;2025-09-01 21:06:15;2025-09-01 21:06:15
2516079;1;3;1;3;50;1;46;Latihan 6 mtk;9;2;99;99;2025-09-01 21:06:15;2025-09-01 21:06:15
2516080;1;3;1;3;51;1;46;Latihan 6 mtk;9;2;45;45;2025-09-01 21:06:15;2025-09-01 21:06:15
2516081;1;3;1;3;52;1;46;Latihan 6 mtk;9;2;76;76;2025-09-01 21:06:15;2025-09-01 21:06:15
2516082;1;3;1;3;53;1;46;Latihan 6 mtk;9;2;94;94;2025-09-01 21:06:15;2025-09-01 21:06:15
2516083;1;3;1;3;54;1;46;Latihan 6 mtk;9;2;57;57;2025-09-01 21:06:15;2025-09-01 21:06:15
2516084;1;3;1;3;55;1;46;Latihan 6 mtk;9;2;88;88;2025-09-01 21:06:15;2025-09-01 21:06:15
2516085;1;3;1;3;56;1;46;Latihan 6 mtk;9;2;67;67;2025-09-01 21:06:15;2025-09-01 21:06:15
2516086;1;3;1;3;57;1;46;Latihan 6 mtk;9;2;57;57;2025-09-01 21:06:15;2025-09-01 21:06:15
2516087;1;3;1;3;58;1;46;Latihan 6 mtk;9;2;95;95;2025-09-01 21:06:15;2025-09-01 21:06:15
2516088;1;3;1;3;59;1;46;Latihan 6 mtk;9;2;44;44;2025-09-01 21:06:15;2025-09-01 21:06:15
2516089;1;3;1;3;60;1;46;Latihan 6 mtk;9;2;61;61;2025-09-01 21:06:15;2025-09-01 21:06:15
2516090;1;3;1;3;41;2;41;UTS mtk;9;2;55;55;2025-09-01 21:03:09;2025-09-01 21:03:09
2516091;1;3;1;3;42;2;41;UTS mtk;9;2;73;73;2025-09-01 21:03:08;2025-09-01 21:03:08
2516092;1;3;1;3;43;2;41;UTS mtk;9;2;99;99;2025-09-01 21:03:08;2025-09-01 21:03:08
2516093;1;3;1;3;44;2;41;UTS mtk;9;2;52;52;2025-09-01 21:03:09;2025-09-01 21:03:09
2516094;1;3;1;3;45;2;41;UTS mtk;9;2;95;95;2025-09-01 21:03:09;2025-09-01 21:03:09
2516095;1;3;1;3;46;2;41;UTS mtk;9;2;46;46;2025-09-01 21:03:09;2025-09-01 21:03:09
2516096;1;3;1;3;47;2;41;UTS mtk;9;2;41;41;2025-09-01 21:03:09;2025-09-01 21:03:09
2516097;1;3;1;3;48;2;41;UTS mtk;9;2;45;45;2025-09-01 21:03:09;2025-09-01 21:03:09
2516098;1;3;1;3;49;2;41;UTS mtk;9;2;75;75;2025-09-01 21:03:09;2025-09-01 21:03:09
2516099;1;3;1;3;50;2;41;UTS mtk;9;2;72;72;2025-09-01 21:03:09;2025-09-01 21:03:09
2516100;1;3;1;3;51;2;41;UTS mtk;9;2;40;40;2025-09-01 21:03:09;2025-09-01 21:03:09
2516101;1;3;1;3;52;2;41;UTS mtk;9;2;73;73;2025-09-01 21:03:09;2025-09-01 21:03:09
2516102;1;3;1;3;53;2;41;UTS mtk;9;2;53;53;2025-09-01 21:03:09;2025-09-01 21:03:09
2516103;1;3;1;3;54;2;41;UTS mtk;9;2;69;69;2025-09-01 21:03:09;2025-09-01 21:03:09
2516104;1;3;1;3;55;2;41;UTS mtk;9;2;50;50;2025-09-01 21:03:09;2025-09-01 21:03:09
2516105;1;3;1;3;56;2;41;UTS mtk;9;2;40;40;2025-09-01 21:03:09;2025-09-01 21:03:09
2516106;1;3;1;3;57;2;41;UTS mtk;9;2;75;75;2025-09-01 21:03:09;2025-09-01 21:03:09
2516107;1;3;1;3;58;2;41;UTS mtk;9;2;41;41;2025-09-01 21:03:09;2025-09-01 21:03:09
2516108;1;3;1;3;59;2;41;UTS mtk;9;2;66;66;2025-09-01 21:03:09;2025-09-01 21:03:09
2516109;1;3;1;3;60;2;41;UTS mtk;9;2;71;71;2025-09-01 21:03:09;2025-09-01 21:03:09
2516110;1;3;1;3;41;2;42;UAS mtk;9;2;91;91;2025-09-01 21:03:09;2025-09-01 21:03:09
2516111;1;3;1;3;42;2;42;UAS mtk;9;2;79;79;2025-09-01 21:03:09;2025-09-01 21:03:09
2516112;1;3;1;3;43;2;42;UAS mtk;9;2;54;54;2025-09-01 21:03:09;2025-09-01 21:03:09
2516113;1;3;1;3;44;2;42;UAS mtk;9;2;59;59;2025-09-01 21:03:09;2025-09-01 21:03:09
2516114;1;3;1;3;45;2;42;UAS mtk;9;2;59;59;2025-09-01 21:03:09;2025-09-01 21:03:09
2516115;1;3;1;3;46;2;42;UAS mtk;9;2;64;64;2025-09-01 21:03:09;2025-09-01 21:03:09
2516116;1;3;1;3;47;2;42;UAS mtk;9;2;64;64;2025-09-01 21:03:09;2025-09-01 21:03:09
2516117;1;3;1;3;48;2;42;UAS mtk;9;2;77;77;2025-09-01 21:03:09;2025-09-01 21:03:09
2516118;1;3;1;3;49;2;42;UAS mtk;9;2;67;67;2025-09-01 21:03:09;2025-09-01 21:03:09
2516119;1;3;1;3;50;2;42;UAS mtk;9;2;88;88;2025-09-01 21:03:09;2025-09-01 21:03:09
2516120;1;3;1;3;51;2;42;UAS mtk;9;2;60;60;2025-09-01 21:03:09;2025-09-01 21:03:09
2516121;1;3;1;3;52;2;42;UAS mtk;9;2;47;47;2025-09-01 21:03:09;2025-09-01 21:03:09
2516122;1;3;1;3;53;2;42;UAS mtk;9;2;58;58;2025-09-01 21:03:09;2025-09-01 21:03:09
2516123;1;3;1;3;54;2;42;UAS mtk;9;2;74;74;2025-09-01 21:03:09;2025-09-01 21:03:09
2516124;1;3;1;3;55;2;42;UAS mtk;9;2;68;68;2025-09-01 21:03:09;2025-09-01 21:03:09
2516125;1;3;1;3;56;2;42;UAS mtk;9;2;57;57;2025-09-01 21:03:09;2025-09-01 21:03:09
2516126;1;3;1;3;57;2;42;UAS mtk;9;2;85;85;2025-09-01 21:03:09;2025-09-01 21:03:09
2516127;1;3;1;3;58;2;42;UAS mtk;9;2;40;40;2025-09-01 21:03:09;2025-09-01 21:03:09
2516128;1;3;1;3;59;2;42;UAS mtk;9;2;73;73;2025-09-01 21:03:09;2025-09-01 21:03:09
2516129;1;3;1;3;60;2;42;UAS mtk;9;2;90;90;2025-09-01 21:03:09;2025-09-01 21:03:09
2516130;1;3;1;3;41;1;47;Latihan 1 seni;28;3;85;85;2025-09-01 21:03:09;2025-09-01 21:03:09
2516131;1;3;1;3;42;1;47;Latihan 1 seni;28;3;78;78;2025-09-01 21:03:08;2025-09-01 21:03:08
2516132;1;3;1;3;43;1;47;Latihan 1 seni;28;3;49;49;2025-09-01 21:03:08;2025-09-01 21:03:08
2516133;1;3;1;3;44;1;47;Latihan 1 seni;28;3;91;91;2025-09-01 21:03:09;2025-09-01 21:03:09
2516134;1;3;1;3;45;1;47;Latihan 1 seni;28;3;41;41;2025-09-01 21:03:09;2025-09-01 21:03:09
2516135;1;3;1;3;46;1;47;Latihan 1 seni;28;3;43;43;2025-09-01 21:03:09;2025-09-01 21:03:09
2516136;1;3;1;3;47;1;47;Latihan 1 seni;28;3;70;70;2025-09-01 21:03:09;2025-09-01 21:03:09
2516137;1;3;1;3;48;1;47;Latihan 1 seni;28;3;99;99;2025-09-01 21:03:09;2025-09-01 21:03:09
2516138;1;3;1;3;49;1;47;Latihan 1 seni;28;3;57;57;2025-09-01 21:03:09;2025-09-01 21:03:09
2516139;1;3;1;3;50;1;47;Latihan 1 seni;28;3;60;60;2025-09-01 21:03:09;2025-09-01 21:03:09
2516140;1;3;1;3;51;1;47;Latihan 1 seni;28;3;56;56;2025-09-01 21:03:09;2025-09-01 21:03:09
2516141;1;3;1;3;52;1;47;Latihan 1 seni;28;3;86;86;2025-09-01 21:03:09;2025-09-01 21:03:09
2516142;1;3;1;3;53;1;47;Latihan 1 seni;28;3;57;57;2025-09-01 21:03:09;2025-09-01 21:03:09
2516143;1;3;1;3;54;1;47;Latihan 1 seni;28;3;95;95;2025-09-01 21:03:09;2025-09-01 21:03:09
2516144;1;3;1;3;55;1;47;Latihan 1 seni;28;3;58;58;2025-09-01 21:03:09;2025-09-01 21:03:09
2516145;1;3;1;3;56;1;47;Latihan 1 seni;28;3;62;62;2025-09-01 21:03:09;2025-09-01 21:03:09
2516146;1;3;1;3;57;1;47;Latihan 1 seni;28;3;77;77;2025-09-01 21:03:09;2025-09-01 21:03:09
2516147;1;3;1;3;58;1;47;Latihan 1 seni;28;3;99;99;2025-09-01 21:03:09;2025-09-01 21:03:09
2516148;1;3;1;3;59;1;47;Latihan 1 seni;28;3;98;98;2025-09-01 21:03:09;2025-09-01 21:03:09
2516149;1;3;1;3;60;1;47;Latihan 1 seni;28;3;72;72;2025-09-01 21:03:09;2025-09-01 21:03:09
2516150;1;3;1;3;41;1;48;Latihan 2 seni;28;3;63;63;2025-09-01 21:03:09;2025-09-01 21:03:09
2516151;1;3;1;3;42;1;48;Latihan 2 seni;28;3;82;82;2025-09-01 21:03:09;2025-09-01 21:03:09
2516152;1;3;1;3;43;1;48;Latihan 2 seni;28;3;79;79;2025-09-01 21:03:09;2025-09-01 21:03:09
2516153;1;3;1;3;44;1;48;Latihan 2 seni;28;3;83;83;2025-09-01 21:03:09;2025-09-01 21:03:09
2516154;1;3;1;3;45;1;48;Latihan 2 seni;28;3;49;49;2025-09-01 21:03:09;2025-09-01 21:03:09
2516155;1;3;1;3;46;1;48;Latihan 2 seni;28;3;86;86;2025-09-01 21:03:09;2025-09-01 21:03:09
2516156;1;3;1;3;47;1;48;Latihan 2 seni;28;3;45;45;2025-09-01 21:03:09;2025-09-01 21:03:09
2516157;1;3;1;3;48;1;48;Latihan 2 seni;28;3;67;67;2025-09-01 21:03:09;2025-09-01 21:03:09
2516158;1;3;1;3;49;1;48;Latihan 2 seni;28;3;52;52;2025-09-01 21:03:09;2025-09-01 21:03:09
2516159;1;3;1;3;50;1;48;Latihan 2 seni;28;3;72;72;2025-09-01 21:03:09;2025-09-01 21:03:09
2516160;1;3;1;3;51;1;48;Latihan 2 seni;28;3;84;84;2025-09-01 21:03:09;2025-09-01 21:03:09
2516161;1;3;1;3;52;1;48;Latihan 2 seni;28;3;50;50;2025-09-01 21:03:09;2025-09-01 21:03:09
2516162;1;3;1;3;53;1;48;Latihan 2 seni;28;3;90;90;2025-09-01 21:03:09;2025-09-01 21:03:09
2516163;1;3;1;3;54;1;48;Latihan 2 seni;28;3;100;100;2025-09-01 21:03:09;2025-09-01 21:03:09
2516164;1;3;1;3;55;1;48;Latihan 2 seni;28;3;49;49;2025-09-01 21:03:09;2025-09-01 21:03:09
2516165;1;3;1;3;56;1;48;Latihan 2 seni;28;3;50;50;2025-09-01 21:03:09;2025-09-01 21:03:09
2516166;1;3;1;3;57;1;48;Latihan 2 seni;28;3;50;50;2025-09-01 21:03:09;2025-09-01 21:03:09
2516167;1;3;1;3;58;1;48;Latihan 2 seni;28;3;61;61;2025-09-01 21:03:09;2025-09-01 21:03:09
2516168;1;3;1;3;59;1;48;Latihan 2 seni;28;3;96;96;2025-09-01 21:03:09;2025-09-01 21:03:09
2516169;1;3;1;3;60;1;48;Latihan 2 seni;28;3;96;96;2025-09-01 21:03:09;2025-09-01 21:03:09
2516170;1;3;1;3;41;1;49;Latihan 3 seni;28;3;90;90;2025-09-01 21:06:14;2025-09-01 21:06:14
2516171;1;3;1;3;42;1;49;Latihan 3 seni;28;3;69;69;2025-09-01 21:06:14;2025-09-01 21:06:14
2516172;1;3;1;3;43;1;49;Latihan 3 seni;28;3;99;99;2025-09-01 21:06:14;2025-09-01 21:06:14
2516173;1;3;1;3;44;1;49;Latihan 3 seni;28;3;46;46;2025-09-01 21:06:14;2025-09-01 21:06:14
2516174;1;3;1;3;45;1;49;Latihan 3 seni;28;3;100;100;2025-09-01 21:06:14;2025-09-01 21:06:14
2516175;1;3;1;3;46;1;49;Latihan 3 seni;28;3;86;86;2025-09-01 21:06:14;2025-09-01 21:06:14
2516176;1;3;1;3;47;1;49;Latihan 3 seni;28;3;87;87;2025-09-01 21:06:14;2025-09-01 21:06:14
2516177;1;3;1;3;48;1;49;Latihan 3 seni;28;3;72;72;2025-09-01 21:06:14;2025-09-01 21:06:14
2516178;1;3;1;3;49;1;49;Latihan 3 seni;28;3;72;72;2025-09-01 21:06:14;2025-09-01 21:06:14
2516179;1;3;1;3;50;1;49;Latihan 3 seni;28;3;40;40;2025-09-01 21:06:14;2025-09-01 21:06:14
2516180;1;3;1;3;51;1;49;Latihan 3 seni;28;3;73;73;2025-09-01 21:06:14;2025-09-01 21:06:14
2516181;1;3;1;3;52;1;49;Latihan 3 seni;28;3;83;83;2025-09-01 21:06:14;2025-09-01 21:06:14
2516182;1;3;1;3;53;1;49;Latihan 3 seni;28;3;85;85;2025-09-01 21:06:14;2025-09-01 21:06:14
2516183;1;3;1;3;54;1;49;Latihan 3 seni;28;3;58;58;2025-09-01 21:06:14;2025-09-01 21:06:14
2516184;1;3;1;3;55;1;49;Latihan 3 seni;28;3;79;79;2025-09-01 21:06:14;2025-09-01 21:06:14
2516185;1;3;1;3;56;1;49;Latihan 3 seni;28;3;91;91;2025-09-01 21:06:14;2025-09-01 21:06:14
2516186;1;3;1;3;57;1;49;Latihan 3 seni;28;3;45;45;2025-09-01 21:06:14;2025-09-01 21:06:14
2516187;1;3;1;3;58;1;49;Latihan 3 seni;28;3;70;70;2025-09-01 21:06:14;2025-09-01 21:06:14
2516188;1;3;1;3;59;1;49;Latihan 3 seni;28;3;73;73;2025-09-01 21:06:14;2025-09-01 21:06:14
2516189;1;3;1;3;60;1;49;Latihan 3 seni;28;3;69;69;2025-09-01 21:06:14;2025-09-01 21:06:14
2516190;1;3;1;3;41;1;50;Latihan 4 seni;28;3;40;40;2025-09-01 21:06:14;2025-09-01 21:06:14
2516191;1;3;1;3;42;1;50;Latihan 4 seni;28;3;100;100;2025-09-01 21:06:14;2025-09-01 21:06:14
2516192;1;3;1;3;43;1;50;Latihan 4 seni;28;3;66;66;2025-09-01 21:06:14;2025-09-01 21:06:14
2516193;1;3;1;3;44;1;50;Latihan 4 seni;28;3;75;75;2025-09-01 21:06:14;2025-09-01 21:06:14
2516194;1;3;1;3;45;1;50;Latihan 4 seni;28;3;74;74;2025-09-01 21:06:14;2025-09-01 21:06:14
2516195;1;3;1;3;46;1;50;Latihan 4 seni;28;3;88;88;2025-09-01 21:06:14;2025-09-01 21:06:14
2516196;1;3;1;3;47;1;50;Latihan 4 seni;28;3;69;69;2025-09-01 21:06:14;2025-09-01 21:06:14
2516197;1;3;1;3;48;1;50;Latihan 4 seni;28;3;89;89;2025-09-01 21:06:14;2025-09-01 21:06:14
2516198;1;3;1;3;49;1;50;Latihan 4 seni;28;3;80;80;2025-09-01 21:06:14;2025-09-01 21:06:14
2516199;1;3;1;3;50;1;50;Latihan 4 seni;28;3;53;53;2025-09-01 21:06:14;2025-09-01 21:06:14
2516200;1;3;1;3;51;1;50;Latihan 4 seni;28;3;73;73;2025-09-01 21:06:14;2025-09-01 21:06:14
2516201;1;3;1;3;52;1;50;Latihan 4 seni;28;3;43;43;2025-09-01 21:06:14;2025-09-01 21:06:14
2516202;1;3;1;3;53;1;50;Latihan 4 seni;28;3;94;94;2025-09-01 21:06:14;2025-09-01 21:06:14
2516203;1;3;1;3;54;1;50;Latihan 4 seni;28;3;49;49;2025-09-01 21:06:15;2025-09-01 21:06:15
2516204;1;3;1;3;55;1;50;Latihan 4 seni;28;3;81;81;2025-09-01 21:06:15;2025-09-01 21:06:15
2516205;1;3;1;3;56;1;50;Latihan 4 seni;28;3;60;60;2025-09-01 21:06:15;2025-09-01 21:06:15
2516206;1;3;1;3;57;1;50;Latihan 4 seni;28;3;67;67;2025-09-01 21:06:15;2025-09-01 21:06:15
2516207;1;3;1;3;58;1;50;Latihan 4 seni;28;3;45;45;2025-09-01 21:06:15;2025-09-01 21:06:15
2516208;1;3;1;3;59;1;50;Latihan 4 seni;28;3;63;63;2025-09-01 21:06:15;2025-09-01 21:06:15
2516209;1;3;1;3;60;1;50;Latihan 4 seni;28;3;87;87;2025-09-01 21:06:15;2025-09-01 21:06:15
2516210;1;3;1;3;41;1;51;Latihan 5 seni;28;3;98;98;2025-09-01 21:06:15;2025-09-01 21:06:15
2516211;1;3;1;3;42;1;51;Latihan 5 seni;28;3;86;86;2025-09-01 21:06:15;2025-09-01 21:06:15
2516212;1;3;1;3;43;1;51;Latihan 5 seni;28;3;76;76;2025-09-01 21:06:15;2025-09-01 21:06:15
2516213;1;3;1;3;44;1;51;Latihan 5 seni;28;3;80;80;2025-09-01 21:06:15;2025-09-01 21:06:15
2516214;1;3;1;3;45;1;51;Latihan 5 seni;28;3;87;87;2025-09-01 21:06:15;2025-09-01 21:06:15
2516215;1;3;1;3;46;1;51;Latihan 5 seni;28;3;93;93;2025-09-01 21:06:15;2025-09-01 21:06:15
2516216;1;3;1;3;47;1;51;Latihan 5 seni;28;3;47;47;2025-09-01 21:06:15;2025-09-01 21:06:15
2516217;1;3;1;3;48;1;51;Latihan 5 seni;28;3;99;99;2025-09-01 21:06:15;2025-09-01 21:06:15
2516218;1;3;1;3;49;1;51;Latihan 5 seni;28;3;41;41;2025-09-01 21:06:15;2025-09-01 21:06:15
2516219;1;3;1;3;50;1;51;Latihan 5 seni;28;3;77;77;2025-09-01 21:06:15;2025-09-01 21:06:15
2516220;1;3;1;3;51;1;51;Latihan 5 seni;28;3;41;41;2025-09-01 21:06:15;2025-09-01 21:06:15
2516221;1;3;1;3;52;1;51;Latihan 5 seni;28;3;61;61;2025-09-01 21:06:15;2025-09-01 21:06:15
2516222;1;3;1;3;53;1;51;Latihan 5 seni;28;3;85;85;2025-09-01 21:06:15;2025-09-01 21:06:15
2516223;1;3;1;3;54;1;51;Latihan 5 seni;28;3;76;76;2025-09-01 21:06:15;2025-09-01 21:06:15
2516224;1;3;1;3;55;1;51;Latihan 5 seni;28;3;78;78;2025-09-01 21:06:15;2025-09-01 21:06:15
2516225;1;3;1;3;56;1;51;Latihan 5 seni;28;3;66;66;2025-09-01 21:06:15;2025-09-01 21:06:15
2516226;1;3;1;3;57;1;51;Latihan 5 seni;28;3;51;51;2025-09-01 21:06:15;2025-09-01 21:06:15
2516227;1;3;1;3;58;1;51;Latihan 5 seni;28;3;63;63;2025-09-01 21:06:15;2025-09-01 21:06:15
2516228;1;3;1;3;59;1;51;Latihan 5 seni;28;3;63;63;2025-09-01 21:06:15;2025-09-01 21:06:15
2516229;1;3;1;3;60;1;51;Latihan 5 seni;28;3;89;89;2025-09-01 21:06:15;2025-09-01 21:06:15
2516230;1;3;1;3;41;1;52;Latihan 6 seni;28;3;60;60;2025-09-01 21:06:15;2025-09-01 21:06:15
2516231;1;3;1;3;42;1;52;Latihan 6 seni;28;3;57;57;2025-09-01 21:06:15;2025-09-01 21:06:15
2516232;1;3;1;3;43;1;52;Latihan 6 seni;28;3;99;99;2025-09-01 21:06:15;2025-09-01 21:06:15
2516233;1;3;1;3;44;1;52;Latihan 6 seni;28;3;56;56;2025-09-01 21:06:15;2025-09-01 21:06:15
2516234;1;3;1;3;45;1;52;Latihan 6 seni;28;3;83;83;2025-09-01 21:06:15;2025-09-01 21:06:15
2516235;1;3;1;3;46;1;52;Latihan 6 seni;28;3;55;55;2025-09-01 21:06:15;2025-09-01 21:06:15
2516236;1;3;1;3;47;1;52;Latihan 6 seni;28;3;46;46;2025-09-01 21:06:15;2025-09-01 21:06:15
2516237;1;3;1;3;48;1;52;Latihan 6 seni;28;3;93;93;2025-09-01 21:06:15;2025-09-01 21:06:15
2516238;1;3;1;3;49;1;52;Latihan 6 seni;28;3;43;43;2025-09-01 21:06:15;2025-09-01 21:06:15
2516239;1;3;1;3;50;1;52;Latihan 6 seni;28;3;90;90;2025-09-01 21:06:15;2025-09-01 21:06:15
2516240;1;3;1;3;51;1;52;Latihan 6 seni;28;3;51;51;2025-09-01 21:06:15;2025-09-01 21:06:15
2516241;1;3;1;3;52;1;52;Latihan 6 seni;28;3;41;41;2025-09-01 21:06:15;2025-09-01 21:06:15
2516242;1;3;1;3;53;1;52;Latihan 6 seni;28;3;59;59;2025-09-01 21:06:15;2025-09-01 21:06:15
2516243;1;3;1;3;54;1;52;Latihan 6 seni;28;3;79;79;2025-09-01 21:06:15;2025-09-01 21:06:15
2516244;1;3;1;3;55;1;52;Latihan 6 seni;28;3;84;84;2025-09-01 21:06:15;2025-09-01 21:06:15
2516245;1;3;1;3;56;1;52;Latihan 6 seni;28;3;97;97;2025-09-01 21:06:15;2025-09-01 21:06:15
2516246;1;3;1;3;57;1;52;Latihan 6 seni;28;3;48;48;2025-09-01 21:06:15;2025-09-01 21:06:15
2516247;1;3;1;3;58;1;52;Latihan 6 seni;28;3;65;65;2025-09-01 21:06:15;2025-09-01 21:06:15
2516248;1;3;1;3;59;1;52;Latihan 6 seni;28;3;81;81;2025-09-01 21:06:15;2025-09-01 21:06:15
2516249;1;3;1;3;60;1;52;Latihan 6 seni;28;3;84;84;2025-09-01 21:06:15;2025-09-01 21:06:15
2516250;1;3;1;3;41;2;47;UTS seni;28;3;70;70;2025-09-01 21:03:09;2025-09-01 21:03:09
2516251;1;3;1;3;42;2;47;UTS seni;28;3;69;69;2025-09-01 21:03:08;2025-09-01 21:03:08
2516252;1;3;1;3;43;2;47;UTS seni;28;3;58;58;2025-09-01 21:03:08;2025-09-01 21:03:08
2516253;1;3;1;3;44;2;47;UTS seni;28;3;86;86;2025-09-01 21:03:09;2025-09-01 21:03:09
2516254;1;3;1;3;45;2;47;UTS seni;28;3;81;81;2025-09-01 21:03:09;2025-09-01 21:03:09
2516255;1;3;1;3;46;2;47;UTS seni;28;3;54;54;2025-09-01 21:03:09;2025-09-01 21:03:09
2516256;1;3;1;3;47;2;47;UTS seni;28;3;50;50;2025-09-01 21:03:09;2025-09-01 21:03:09
2516257;1;3;1;3;48;2;47;UTS seni;28;3;89;89;2025-09-01 21:03:09;2025-09-01 21:03:09
2516258;1;3;1;3;49;2;47;UTS seni;28;3;77;77;2025-09-01 21:03:09;2025-09-01 21:03:09
2516259;1;3;1;3;50;2;47;UTS seni;28;3;52;52;2025-09-01 21:03:09;2025-09-01 21:03:09
2516260;1;3;1;3;51;2;47;UTS seni;28;3;58;58;2025-09-01 21:03:09;2025-09-01 21:03:09
2516261;1;3;1;3;52;2;47;UTS seni;28;3;66;66;2025-09-01 21:03:09;2025-09-01 21:03:09
2516262;1;3;1;3;53;2;47;UTS seni;28;3;71;71;2025-09-01 21:03:09;2025-09-01 21:03:09
2516263;1;3;1;3;54;2;47;UTS seni;28;3;41;41;2025-09-01 21:03:09;2025-09-01 21:03:09
2516264;1;3;1;3;55;2;47;UTS seni;28;3;95;95;2025-09-01 21:03:09;2025-09-01 21:03:09
2516265;1;3;1;3;56;2;47;UTS seni;28;3;86;86;2025-09-01 21:03:09;2025-09-01 21:03:09
2516266;1;3;1;3;57;2;47;UTS seni;28;3;76;76;2025-09-01 21:03:09;2025-09-01 21:03:09
2516267;1;3;1;3;58;2;47;UTS seni;28;3;42;42;2025-09-01 21:03:09;2025-09-01 21:03:09
2516268;1;3;1;3;59;2;47;UTS seni;28;3;88;88;2025-09-01 21:03:09;2025-09-01 21:03:09
2516269;1;3;1;3;60;2;47;UTS seni;28;3;59;59;2025-09-01 21:03:09;2025-09-01 21:03:09
2516270;1;3;1;3;41;2;48;UAS seni;28;3;99;99;2025-09-01 21:03:09;2025-09-01 21:03:09
2516271;1;3;1;3;42;2;48;UAS seni;28;3;83;83;2025-09-01 21:03:09;2025-09-01 21:03:09
2516272;1;3;1;3;43;2;48;UAS seni;28;3;55;55;2025-09-01 21:03:09;2025-09-01 21:03:09
2516273;1;3;1;3;44;2;48;UAS seni;28;3;43;43;2025-09-01 21:03:09;2025-09-01 21:03:09
2516274;1;3;1;3;45;2;48;UAS seni;28;3;93;93;2025-09-01 21:03:09;2025-09-01 21:03:09
2516275;1;3;1;3;46;2;48;UAS seni;28;3;77;77;2025-09-01 21:03:09;2025-09-01 21:03:09
2516276;1;3;1;3;47;2;48;UAS seni;28;3;59;59;2025-09-01 21:03:09;2025-09-01 21:03:09
2516277;1;3;1;3;48;2;48;UAS seni;28;3;59;59;2025-09-01 21:03:09;2025-09-01 21:03:09
2516278;1;3;1;3;49;2;48;UAS seni;28;3;82;82;2025-09-01 21:03:09;2025-09-01 21:03:09
2516279;1;3;1;3;50;2;48;UAS seni;28;3;40;40;2025-09-01 21:03:09;2025-09-01 21:03:09
2516280;1;3;1;3;51;2;48;UAS seni;28;3;72;72;2025-09-01 21:03:09;2025-09-01 21:03:09
2516281;1;3;1;3;52;2;48;UAS seni;28;3;93;93;2025-09-01 21:03:09;2025-09-01 21:03:09
2516282;1;3;1;3;53;2;48;UAS seni;28;3;46;46;2025-09-01 21:03:09;2025-09-01 21:03:09
2516283;1;3;1;3;54;2;48;UAS seni;28;3;77;77;2025-09-01 21:03:09;2025-09-01 21:03:09
2516284;1;3;1;3;55;2;48;UAS seni;28;3;84;84;2025-09-01 21:03:09;2025-09-01 21:03:09
2516285;1;3;1;3;56;2;48;UAS seni;28;3;64;64;2025-09-01 21:03:09;2025-09-01 21:03:09
2516286;1;3;1;3;57;2;48;UAS seni;28;3;85;85;2025-09-01 21:03:09;2025-09-01 21:03:09
2516287;1;3;1;3;58;2;48;UAS seni;28;3;57;57;2025-09-01 21:03:09;2025-09-01 21:03:09
2516288;1;3;1;3;59;2;48;UAS seni;28;3;60;60;2025-09-01 21:03:09;2025-09-01 21:03:09
2516289;1;3;1;3;60;2;48;UAS seni;28;3;54;54;2025-09-01 21:03:09;2025-09-01 21:03:09
2516290;1;3;1;3;41;1;53;Latihan 1 ing;16;4;68;68;2025-09-01 21:03:09;2025-09-01 21:03:09
2516291;1;3;1;3;42;1;53;Latihan 1 ing;16;4;40;40;2025-09-01 21:03:08;2025-09-01 21:03:08
2516292;1;3;1;3;43;1;53;Latihan 1 ing;16;4;72;72;2025-09-01 21:03:08;2025-09-01 21:03:08
2516293;1;3;1;3;44;1;53;Latihan 1 ing;16;4;63;63;2025-09-01 21:03:09;2025-09-01 21:03:09
2516294;1;3;1;3;45;1;53;Latihan 1 ing;16;4;41;41;2025-09-01 21:03:09;2025-09-01 21:03:09
2516295;1;3;1;3;46;1;53;Latihan 1 ing;16;4;54;54;2025-09-01 21:03:09;2025-09-01 21:03:09
2516296;1;3;1;3;47;1;53;Latihan 1 ing;16;4;76;76;2025-09-01 21:03:09;2025-09-01 21:03:09
2516297;1;3;1;3;48;1;53;Latihan 1 ing;16;4;99;99;2025-09-01 21:03:09;2025-09-01 21:03:09
2516298;1;3;1;3;49;1;53;Latihan 1 ing;16;4;97;97;2025-09-01 21:03:09;2025-09-01 21:03:09
2516299;1;3;1;3;50;1;53;Latihan 1 ing;16;4;52;52;2025-09-01 21:03:09;2025-09-01 21:03:09
2516300;1;3;1;3;51;1;53;Latihan 1 ing;16;4;79;79;2025-09-01 21:03:09;2025-09-01 21:03:09
2516301;1;3;1;3;52;1;53;Latihan 1 ing;16;4;72;72;2025-09-01 21:03:09;2025-09-01 21:03:09
2516302;1;3;1;3;53;1;53;Latihan 1 ing;16;4;87;87;2025-09-01 21:03:09;2025-09-01 21:03:09
2516303;1;3;1;3;54;1;53;Latihan 1 ing;16;4;49;49;2025-09-01 21:03:09;2025-09-01 21:03:09
2516304;1;3;1;3;55;1;53;Latihan 1 ing;16;4;84;84;2025-09-01 21:03:09;2025-09-01 21:03:09
2516305;1;3;1;3;56;1;53;Latihan 1 ing;16;4;91;91;2025-09-01 21:03:09;2025-09-01 21:03:09
2516306;1;3;1;3;57;1;53;Latihan 1 ing;16;4;71;71;2025-09-01 21:03:09;2025-09-01 21:03:09
2516307;1;3;1;3;58;1;53;Latihan 1 ing;16;4;96;96;2025-09-01 21:03:09;2025-09-01 21:03:09
2516308;1;3;1;3;59;1;53;Latihan 1 ing;16;4;46;46;2025-09-01 21:03:09;2025-09-01 21:03:09
2516309;1;3;1;3;60;1;53;Latihan 1 ing;16;4;45;45;2025-09-01 21:03:09;2025-09-01 21:03:09
2516310;1;3;1;3;41;1;54;Latihan 2 ing;16;4;44;44;2025-09-01 21:03:09;2025-09-01 21:03:09
2516311;1;3;1;3;42;1;54;Latihan 2 ing;16;4;40;40;2025-09-01 21:03:09;2025-09-01 21:03:09
2516312;1;3;1;3;43;1;54;Latihan 2 ing;16;4;61;61;2025-09-01 21:03:09;2025-09-01 21:03:09
2516313;1;3;1;3;44;1;54;Latihan 2 ing;16;4;56;56;2025-09-01 21:03:09;2025-09-01 21:03:09
2516314;1;3;1;3;45;1;54;Latihan 2 ing;16;4;95;95;2025-09-01 21:03:09;2025-09-01 21:03:09
2516315;1;3;1;3;46;1;54;Latihan 2 ing;16;4;47;47;2025-09-01 21:03:09;2025-09-01 21:03:09
2516316;1;3;1;3;47;1;54;Latihan 2 ing;16;4;70;70;2025-09-01 21:03:09;2025-09-01 21:03:09
2516317;1;3;1;3;48;1;54;Latihan 2 ing;16;4;64;64;2025-09-01 21:03:09;2025-09-01 21:03:09
2516318;1;3;1;3;49;1;54;Latihan 2 ing;16;4;86;86;2025-09-01 21:03:09;2025-09-01 21:03:09
2516319;1;3;1;3;50;1;54;Latihan 2 ing;16;4;66;66;2025-09-01 21:03:09;2025-09-01 21:03:09
2516320;1;3;1;3;51;1;54;Latihan 2 ing;16;4;81;81;2025-09-01 21:03:09;2025-09-01 21:03:09
2516321;1;3;1;3;52;1;54;Latihan 2 ing;16;4;79;79;2025-09-01 21:03:09;2025-09-01 21:03:09
2516322;1;3;1;3;53;1;54;Latihan 2 ing;16;4;61;61;2025-09-01 21:03:09;2025-09-01 21:03:09
2516323;1;3;1;3;54;1;54;Latihan 2 ing;16;4;61;61;2025-09-01 21:03:09;2025-09-01 21:03:09
2516324;1;3;1;3;55;1;54;Latihan 2 ing;16;4;80;80;2025-09-01 21:03:09;2025-09-01 21:03:09
2516325;1;3;1;3;56;1;54;Latihan 2 ing;16;4;94;94;2025-09-01 21:03:09;2025-09-01 21:03:09
2516326;1;3;1;3;57;1;54;Latihan 2 ing;16;4;65;65;2025-09-01 21:03:09;2025-09-01 21:03:09
2516327;1;3;1;3;58;1;54;Latihan 2 ing;16;4;96;96;2025-09-01 21:03:09;2025-09-01 21:03:09
2516328;1;3;1;3;59;1;54;Latihan 2 ing;16;4;67;67;2025-09-01 21:03:09;2025-09-01 21:03:09
2516329;1;3;1;3;60;1;54;Latihan 2 ing;16;4;56;56;2025-09-01 21:03:09;2025-09-01 21:03:09
2516330;1;3;1;3;41;1;55;Latihan 3 ing;16;4;43;43;2025-09-01 21:06:14;2025-09-01 21:06:14
2516331;1;3;1;3;42;1;55;Latihan 3 ing;16;4;63;63;2025-09-01 21:06:14;2025-09-01 21:06:14
2516332;1;3;1;3;43;1;55;Latihan 3 ing;16;4;86;86;2025-09-01 21:06:14;2025-09-01 21:06:14
2516333;1;3;1;3;44;1;55;Latihan 3 ing;16;4;62;62;2025-09-01 21:06:14;2025-09-01 21:06:14
2516334;1;3;1;3;45;1;55;Latihan 3 ing;16;4;87;87;2025-09-01 21:06:14;2025-09-01 21:06:14
2516335;1;3;1;3;46;1;55;Latihan 3 ing;16;4;90;90;2025-09-01 21:06:14;2025-09-01 21:06:14
2516336;1;3;1;3;47;1;55;Latihan 3 ing;16;4;100;100;2025-09-01 21:06:14;2025-09-01 21:06:14
2516337;1;3;1;3;48;1;55;Latihan 3 ing;16;4;97;97;2025-09-01 21:06:14;2025-09-01 21:06:14
2516338;1;3;1;3;49;1;55;Latihan 3 ing;16;4;85;85;2025-09-01 21:06:14;2025-09-01 21:06:14
2516339;1;3;1;3;50;1;55;Latihan 3 ing;16;4;41;41;2025-09-01 21:06:14;2025-09-01 21:06:14
2516340;1;3;1;3;51;1;55;Latihan 3 ing;16;4;99;99;2025-09-01 21:06:14;2025-09-01 21:06:14
2516341;1;3;1;3;52;1;55;Latihan 3 ing;16;4;53;53;2025-09-01 21:06:14;2025-09-01 21:06:14
2516342;1;3;1;3;53;1;55;Latihan 3 ing;16;4;73;73;2025-09-01 21:06:14;2025-09-01 21:06:14
2516343;1;3;1;3;54;1;55;Latihan 3 ing;16;4;63;63;2025-09-01 21:06:14;2025-09-01 21:06:14
2516344;1;3;1;3;55;1;55;Latihan 3 ing;16;4;99;99;2025-09-01 21:06:14;2025-09-01 21:06:14
2516345;1;3;1;3;56;1;55;Latihan 3 ing;16;4;77;77;2025-09-01 21:06:14;2025-09-01 21:06:14
2516346;1;3;1;3;57;1;55;Latihan 3 ing;16;4;58;58;2025-09-01 21:06:14;2025-09-01 21:06:14
2516347;1;3;1;3;58;1;55;Latihan 3 ing;16;4;60;60;2025-09-01 21:06:14;2025-09-01 21:06:14
2516348;1;3;1;3;59;1;55;Latihan 3 ing;16;4;79;79;2025-09-01 21:06:14;2025-09-01 21:06:14
2516349;1;3;1;3;60;1;55;Latihan 3 ing;16;4;83;83;2025-09-01 21:06:14;2025-09-01 21:06:14
2516350;1;3;1;3;41;1;56;Latihan 4 ing;16;4;69;69;2025-09-01 21:06:14;2025-09-01 21:06:14
2516351;1;3;1;3;42;1;56;Latihan 4 ing;16;4;41;41;2025-09-01 21:06:14;2025-09-01 21:06:14
2516352;1;3;1;3;43;1;56;Latihan 4 ing;16;4;82;82;2025-09-01 21:06:14;2025-09-01 21:06:14
2516353;1;3;1;3;44;1;56;Latihan 4 ing;16;4;56;56;2025-09-01 21:06:14;2025-09-01 21:06:14
2516354;1;3;1;3;45;1;56;Latihan 4 ing;16;4;91;91;2025-09-01 21:06:14;2025-09-01 21:06:14
2516355;1;3;1;3;46;1;56;Latihan 4 ing;16;4;82;82;2025-09-01 21:06:14;2025-09-01 21:06:14
2516356;1;3;1;3;47;1;56;Latihan 4 ing;16;4;75;75;2025-09-01 21:06:14;2025-09-01 21:06:14
2516357;1;3;1;3;48;1;56;Latihan 4 ing;16;4;51;51;2025-09-01 21:06:14;2025-09-01 21:06:14
2516358;1;3;1;3;49;1;56;Latihan 4 ing;16;4;70;70;2025-09-01 21:06:14;2025-09-01 21:06:14
2516359;1;3;1;3;50;1;56;Latihan 4 ing;16;4;47;47;2025-09-01 21:06:14;2025-09-01 21:06:14
2516360;1;3;1;3;51;1;56;Latihan 4 ing;16;4;70;70;2025-09-01 21:06:14;2025-09-01 21:06:14
2516361;1;3;1;3;52;1;56;Latihan 4 ing;16;4;65;65;2025-09-01 21:06:14;2025-09-01 21:06:14
2516362;1;3;1;3;53;1;56;Latihan 4 ing;16;4;56;56;2025-09-01 21:06:14;2025-09-01 21:06:14
2516363;1;3;1;3;54;1;56;Latihan 4 ing;16;4;100;100;2025-09-01 21:06:15;2025-09-01 21:06:15
2516364;1;3;1;3;55;1;56;Latihan 4 ing;16;4;49;49;2025-09-01 21:06:15;2025-09-01 21:06:15
2516365;1;3;1;3;56;1;56;Latihan 4 ing;16;4;66;66;2025-09-01 21:06:15;2025-09-01 21:06:15
2516366;1;3;1;3;57;1;56;Latihan 4 ing;16;4;68;68;2025-09-01 21:06:15;2025-09-01 21:06:15
2516367;1;3;1;3;58;1;56;Latihan 4 ing;16;4;52;52;2025-09-01 21:06:15;2025-09-01 21:06:15
2516368;1;3;1;3;59;1;56;Latihan 4 ing;16;4;83;83;2025-09-01 21:06:15;2025-09-01 21:06:15
2516369;1;3;1;3;60;1;56;Latihan 4 ing;16;4;72;72;2025-09-01 21:06:15;2025-09-01 21:06:15
2516370;1;3;1;3;41;1;57;Latihan 5 ing;16;4;91;91;2025-09-01 21:06:15;2025-09-01 21:06:15
2516371;1;3;1;3;42;1;57;Latihan 5 ing;16;4;60;60;2025-09-01 21:06:15;2025-09-01 21:06:15
2516372;1;3;1;3;43;1;57;Latihan 5 ing;16;4;50;50;2025-09-01 21:06:15;2025-09-01 21:06:15
2516373;1;3;1;3;44;1;57;Latihan 5 ing;16;4;85;85;2025-09-01 21:06:15;2025-09-01 21:06:15
2516374;1;3;1;3;45;1;57;Latihan 5 ing;16;4;40;40;2025-09-01 21:06:15;2025-09-01 21:06:15
2516375;1;3;1;3;46;1;57;Latihan 5 ing;16;4;44;44;2025-09-01 21:06:15;2025-09-01 21:06:15
2516376;1;3;1;3;47;1;57;Latihan 5 ing;16;4;72;72;2025-09-01 21:06:15;2025-09-01 21:06:15
2516377;1;3;1;3;48;1;57;Latihan 5 ing;16;4;40;40;2025-09-01 21:06:15;2025-09-01 21:06:15
2516378;1;3;1;3;49;1;57;Latihan 5 ing;16;4;40;40;2025-09-01 21:06:15;2025-09-01 21:06:15
2516379;1;3;1;3;50;1;57;Latihan 5 ing;16;4;72;72;2025-09-01 21:06:15;2025-09-01 21:06:15
2516380;1;3;1;3;51;1;57;Latihan 5 ing;16;4;82;82;2025-09-01 21:06:15;2025-09-01 21:06:15
2516381;1;3;1;3;52;1;57;Latihan 5 ing;16;4;45;45;2025-09-01 21:06:15;2025-09-01 21:06:15
2516382;1;3;1;3;53;1;57;Latihan 5 ing;16;4;51;51;2025-09-01 21:06:15;2025-09-01 21:06:15
2516383;1;3;1;3;54;1;57;Latihan 5 ing;16;4;99;99;2025-09-01 21:06:15;2025-09-01 21:06:15
2516384;1;3;1;3;55;1;57;Latihan 5 ing;16;4;57;57;2025-09-01 21:06:15;2025-09-01 21:06:15
2516385;1;3;1;3;56;1;57;Latihan 5 ing;16;4;53;53;2025-09-01 21:06:15;2025-09-01 21:06:15
2516386;1;3;1;3;57;1;57;Latihan 5 ing;16;4;41;41;2025-09-01 21:06:15;2025-09-01 21:06:15
2516387;1;3;1;3;58;1;57;Latihan 5 ing;16;4;56;56;2025-09-01 21:06:15;2025-09-01 21:06:15
2516388;1;3;1;3;59;1;57;Latihan 5 ing;16;4;46;46;2025-09-01 21:06:15;2025-09-01 21:06:15
2516389;1;3;1;3;60;1;57;Latihan 5 ing;16;4;76;76;2025-09-01 21:06:15;2025-09-01 21:06:15
2516390;1;3;1;3;41;1;58;Latihan 6 ing;16;4;58;58;2025-09-01 21:06:15;2025-09-01 21:06:15
2516391;1;3;1;3;42;1;58;Latihan 6 ing;16;4;72;72;2025-09-01 21:06:15;2025-09-01 21:06:15
2516392;1;3;1;3;43;1;58;Latihan 6 ing;16;4;73;73;2025-09-01 21:06:15;2025-09-01 21:06:15
2516393;1;3;1;3;44;1;58;Latihan 6 ing;16;4;87;87;2025-09-01 21:06:15;2025-09-01 21:06:15
2516394;1;3;1;3;45;1;58;Latihan 6 ing;16;4;48;48;2025-09-01 21:06:15;2025-09-01 21:06:15
2516395;1;3;1;3;46;1;58;Latihan 6 ing;16;4;91;91;2025-09-01 21:06:15;2025-09-01 21:06:15
2516396;1;3;1;3;47;1;58;Latihan 6 ing;16;4;84;84;2025-09-01 21:06:15;2025-09-01 21:06:15
2516397;1;3;1;3;48;1;58;Latihan 6 ing;16;4;55;55;2025-09-01 21:06:15;2025-09-01 21:06:15
2516398;1;3;1;3;49;1;58;Latihan 6 ing;16;4;96;96;2025-09-01 21:06:15;2025-09-01 21:06:15
2516399;1;3;1;3;50;1;58;Latihan 6 ing;16;4;99;99;2025-09-01 21:06:15;2025-09-01 21:06:15
2516400;1;3;1;3;51;1;58;Latihan 6 ing;16;4;58;58;2025-09-01 21:06:15;2025-09-01 21:06:15
2516401;1;3;1;3;52;1;58;Latihan 6 ing;16;4;90;90;2025-09-01 21:06:15;2025-09-01 21:06:15
2516402;1;3;1;3;53;1;58;Latihan 6 ing;16;4;98;98;2025-09-01 21:06:15;2025-09-01 21:06:15
2516403;1;3;1;3;54;1;58;Latihan 6 ing;16;4;80;80;2025-09-01 21:06:15;2025-09-01 21:06:15
2516404;1;3;1;3;55;1;58;Latihan 6 ing;16;4;54;54;2025-09-01 21:06:15;2025-09-01 21:06:15
2516405;1;3;1;3;56;1;58;Latihan 6 ing;16;4;42;42;2025-09-01 21:06:15;2025-09-01 21:06:15
2516406;1;3;1;3;57;1;58;Latihan 6 ing;16;4;75;75;2025-09-01 21:06:15;2025-09-01 21:06:15
2516407;1;3;1;3;58;1;58;Latihan 6 ing;16;4;58;58;2025-09-01 21:06:15;2025-09-01 21:06:15
2516408;1;3;1;3;59;1;58;Latihan 6 ing;16;4;69;69;2025-09-01 21:06:15;2025-09-01 21:06:15
2516409;1;3;1;3;60;1;58;Latihan 6 ing;16;4;70;70;2025-09-01 21:06:15;2025-09-01 21:06:15
2516410;1;3;1;3;41;2;53;UTS ing;16;4;72;72;2025-09-01 21:03:09;2025-09-01 21:03:09
2516411;1;3;1;3;42;2;53;UTS ing;16;4;44;44;2025-09-01 21:03:08;2025-09-01 21:03:08
2516412;1;3;1;3;43;2;53;UTS ing;16;4;51;51;2025-09-01 21:03:08;2025-09-01 21:03:08
2516413;1;3;1;3;44;2;53;UTS ing;16;4;95;95;2025-09-01 21:03:09;2025-09-01 21:03:09
2516414;1;3;1;3;45;2;53;UTS ing;16;4;78;78;2025-09-01 21:03:09;2025-09-01 21:03:09
2516415;1;3;1;3;46;2;53;UTS ing;16;4;90;90;2025-09-01 21:03:09;2025-09-01 21:03:09
2516416;1;3;1;3;47;2;53;UTS ing;16;4;65;65;2025-09-01 21:03:09;2025-09-01 21:03:09
2516417;1;3;1;3;48;2;53;UTS ing;16;4;51;51;2025-09-01 21:03:09;2025-09-01 21:03:09
2516418;1;3;1;3;49;2;53;UTS ing;16;4;67;67;2025-09-01 21:03:09;2025-09-01 21:03:09
2516419;1;3;1;3;50;2;53;UTS ing;16;4;88;88;2025-09-01 21:03:09;2025-09-01 21:03:09
2516420;1;3;1;3;51;2;53;UTS ing;16;4;88;88;2025-09-01 21:03:09;2025-09-01 21:03:09
2516421;1;3;1;3;52;2;53;UTS ing;16;4;93;93;2025-09-01 21:03:09;2025-09-01 21:03:09
2516422;1;3;1;3;53;2;53;UTS ing;16;4;84;84;2025-09-01 21:03:09;2025-09-01 21:03:09
2516423;1;3;1;3;54;2;53;UTS ing;16;4;52;52;2025-09-01 21:03:09;2025-09-01 21:03:09
2516424;1;3;1;3;55;2;53;UTS ing;16;4;54;54;2025-09-01 21:03:09;2025-09-01 21:03:09
2516425;1;3;1;3;56;2;53;UTS ing;16;4;43;43;2025-09-01 21:03:09;2025-09-01 21:03:09
2516426;1;3;1;3;57;2;53;UTS ing;16;4;82;82;2025-09-01 21:03:09;2025-09-01 21:03:09
2516427;1;3;1;3;58;2;53;UTS ing;16;4;83;83;2025-09-01 21:03:09;2025-09-01 21:03:09
2516428;1;3;1;3;59;2;53;UTS ing;16;4;40;40;2025-09-01 21:03:09;2025-09-01 21:03:09
2516429;1;3;1;3;60;2;53;UTS ing;16;4;74;74;2025-09-01 21:03:09;2025-09-01 21:03:09
2516430;1;3;1;3;41;2;54;UAS ing;16;4;86;86;2025-09-01 21:03:09;2025-09-01 21:03:09
2516431;1;3;1;3;42;2;54;UAS ing;16;4;50;50;2025-09-01 21:03:09;2025-09-01 21:03:09
2516432;1;3;1;3;43;2;54;UAS ing;16;4;79;79;2025-09-01 21:03:09;2025-09-01 21:03:09
2516433;1;3;1;3;44;2;54;UAS ing;16;4;43;43;2025-09-01 21:03:09;2025-09-01 21:03:09
2516434;1;3;1;3;45;2;54;UAS ing;16;4;91;91;2025-09-01 21:03:09;2025-09-01 21:03:09
2516435;1;3;1;3;46;2;54;UAS ing;16;4;48;48;2025-09-01 21:03:09;2025-09-01 21:03:09
2516436;1;3;1;3;47;2;54;UAS ing;16;4;53;53;2025-09-01 21:03:09;2025-09-01 21:03:09
2516437;1;3;1;3;48;2;54;UAS ing;16;4;46;46;2025-09-01 21:03:09;2025-09-01 21:03:09
2516438;1;3;1;3;49;2;54;UAS ing;16;4;72;72;2025-09-01 21:03:09;2025-09-01 21:03:09
2516439;1;3;1;3;50;2;54;UAS ing;16;4;73;73;2025-09-01 21:03:09;2025-09-01 21:03:09
2516440;1;3;1;3;51;2;54;UAS ing;16;4;89;89;2025-09-01 21:03:09;2025-09-01 21:03:09
2516441;1;3;1;3;52;2;54;UAS ing;16;4;69;69;2025-09-01 21:03:09;2025-09-01 21:03:09
2516442;1;3;1;3;53;2;54;UAS ing;16;4;54;54;2025-09-01 21:03:09;2025-09-01 21:03:09
2516443;1;3;1;3;54;2;54;UAS ing;16;4;65;65;2025-09-01 21:03:09;2025-09-01 21:03:09
2516444;1;3;1;3;55;2;54;UAS ing;16;4;62;62;2025-09-01 21:03:09;2025-09-01 21:03:09
2516445;1;3;1;3;56;2;54;UAS ing;16;4;49;49;2025-09-01 21:03:09;2025-09-01 21:03:09
2516446;1;3;1;3;57;2;54;UAS ing;16;4;100;100;2025-09-01 21:03:09;2025-09-01 21:03:09
2516447;1;3;1;3;58;2;54;UAS ing;16;4;75;75;2025-09-01 21:03:09;2025-09-01 21:03:09
2516448;1;3;1;3;59;2;54;UAS ing;16;4;40;40;2025-09-01 21:03:09;2025-09-01 21:03:09
2516449;1;3;1;3;60;2;54;UAS ing;16;4;48;48;2025-09-01 21:03:09;2025-09-01 21:03:09
2516450;1;3;1;3;41;1;59;Latihan 1 pai;29;11;84;84;2025-09-01 21:03:09;2025-09-01 21:03:09
2516451;1;3;1;3;42;1;59;Latihan 1 pai;29;11;58;58;2025-09-01 21:03:08;2025-09-01 21:03:08
2516452;1;3;1;3;43;1;59;Latihan 1 pai;29;11;63;63;2025-09-01 21:03:08;2025-09-01 21:03:08
2516453;1;3;1;3;44;1;59;Latihan 1 pai;29;11;60;60;2025-09-01 21:03:09;2025-09-01 21:03:09
2516454;1;3;1;3;45;1;59;Latihan 1 pai;29;11;99;99;2025-09-01 21:03:09;2025-09-01 21:03:09
2516455;1;3;1;3;46;1;59;Latihan 1 pai;29;11;56;56;2025-09-01 21:03:09;2025-09-01 21:03:09
2516456;1;3;1;3;47;1;59;Latihan 1 pai;29;11;74;74;2025-09-01 21:03:09;2025-09-01 21:03:09
2516457;1;3;1;3;48;1;1;Latihan 1 pah;1;14;49;49;2025-09-01 21:03:09;2025-09-01 21:03:09
2516458;1;3;1;3;49;1;2;Latihan 1 pak;11;12;89;89;2025-09-01 21:03:09;2025-09-01 21:03:09
2516459;1;3;1;3;50;1;2;Latihan 1 pak;11;12;65;65;2025-09-01 21:03:09;2025-09-01 21:03:09
2516460;1;3;1;3;51;1;59;Latihan 1 pai;29;11;54;54;2025-09-01 21:03:09;2025-09-01 21:03:09
2516461;1;3;1;3;52;1;59;Latihan 1 pai;29;11;59;59;2025-09-01 21:03:09;2025-09-01 21:03:09
2516462;1;3;1;3;53;1;59;Latihan 1 pai;29;11;98;98;2025-09-01 21:03:09;2025-09-01 21:03:09
2516463;1;3;1;3;54;1;59;Latihan 1 pai;29;11;44;44;2025-09-01 21:03:09;2025-09-01 21:03:09
2516464;1;3;1;3;55;1;59;Latihan 1 pai;29;11;42;42;2025-09-01 21:03:09;2025-09-01 21:03:09
2516465;1;3;1;3;56;1;59;Latihan 1 pai;29;11;98;98;2025-09-01 21:03:09;2025-09-01 21:03:09
2516466;1;3;1;3;57;1;59;Latihan 1 pai;29;11;44;44;2025-09-01 21:03:09;2025-09-01 21:03:09
2516467;1;3;1;3;58;1;59;Latihan 1 pai;29;11;76;76;2025-09-01 21:03:09;2025-09-01 21:03:09
2516468;1;3;1;3;59;1;59;Latihan 1 pai;29;11;73;73;2025-09-01 21:03:09;2025-09-01 21:03:09
2516469;1;3;1;3;60;1;59;Latihan 1 pai;29;11;49;49;2025-09-01 21:03:09;2025-09-01 21:03:09
2516470;1;3;1;3;41;1;60;Latihan 2 pai;29;11;72;72;2025-09-01 21:03:09;2025-09-01 21:03:09
2516471;1;3;1;3;42;1;60;Latihan 2 pai;29;11;63;63;2025-09-01 21:03:09;2025-09-01 21:03:09
2516472;1;3;1;3;43;1;60;Latihan 2 pai;29;11;61;61;2025-09-01 21:03:09;2025-09-01 21:03:09
2516473;1;3;1;3;44;1;60;Latihan 2 pai;29;11;93;93;2025-09-01 21:03:09;2025-09-01 21:03:09
2516474;1;3;1;3;45;1;60;Latihan 2 pai;29;11;99;99;2025-09-01 21:03:09;2025-09-01 21:03:09
2516475;1;3;1;3;46;1;60;Latihan 2 pai;29;11;84;84;2025-09-01 21:03:09;2025-09-01 21:03:09
2516476;1;3;1;3;47;1;60;Latihan 2 pai;29;11;57;57;2025-09-01 21:03:09;2025-09-01 21:03:09
2516477;1;3;1;3;48;1;3;Latihan 2 pah;1;14;57;57;2025-09-01 21:03:09;2025-09-01 21:03:09
2516478;1;3;1;3;49;1;4;Latihan 2 pak;11;12;82;82;2025-09-01 21:03:09;2025-09-01 21:03:09
2516479;1;3;1;3;50;1;4;Latihan 2 pai;11;12;81;81;2025-09-01 21:03:09;2025-09-01 21:03:09
2516480;1;3;1;3;51;1;60;Latihan 2 pai;29;11;57;57;2025-09-01 21:03:09;2025-09-01 21:03:09
2516481;1;3;1;3;52;1;60;Latihan 2 pai;29;11;71;71;2025-09-01 21:03:09;2025-09-01 21:03:09
2516482;1;3;1;3;53;1;60;Latihan 2 pai;29;11;61;61;2025-09-01 21:03:09;2025-09-01 21:03:09
2516483;1;3;1;3;54;1;60;Latihan 2 pai;29;11;73;73;2025-09-01 21:03:09;2025-09-01 21:03:09
2516484;1;3;1;3;55;1;60;Latihan 2 pai;29;11;93;93;2025-09-01 21:03:09;2025-09-01 21:03:09
2516485;1;3;1;3;56;1;60;Latihan 2 pai;29;11;67;67;2025-09-01 21:03:09;2025-09-01 21:03:09
2516486;1;3;1;3;57;1;60;Latihan 2 pai;29;11;89;89;2025-09-01 21:03:09;2025-09-01 21:03:09
2516487;1;3;1;3;58;1;60;Latihan 2 pai;29;11;96;96;2025-09-01 21:03:09;2025-09-01 21:03:09
2516488;1;3;1;3;59;1;60;Latihan 2 pai;29;11;94;94;2025-09-01 21:03:09;2025-09-01 21:03:09
2516489;1;3;1;3;60;1;60;Latihan 2 pai;29;11;46;46;2025-09-01 21:03:09;2025-09-01 21:03:09
2516490;1;3;1;3;41;1;61;Latihan 3 pai;29;11;61;61;2025-09-01 21:06:14;2025-09-01 21:06:14
2516491;1;3;1;3;42;1;61;Latihan 3 pai;29;11;99;99;2025-09-01 21:06:14;2025-09-01 21:06:14
2516492;1;3;1;3;43;1;61;Latihan 3 pai;29;11;75;75;2025-09-01 21:06:14;2025-09-01 21:06:14
2516493;1;3;1;3;44;1;61;Latihan 3 pai;29;11;61;61;2025-09-01 21:06:14;2025-09-01 21:06:14
2516494;1;3;1;3;45;1;61;Latihan 3 pai;29;11;100;100;2025-09-01 21:06:14;2025-09-01 21:06:14
2516495;1;3;1;3;46;1;61;Latihan 3 pai;29;11;83;83;2025-09-01 21:06:14;2025-09-01 21:06:14
2516496;1;3;1;3;47;1;61;Latihan 3 pai;29;11;96;96;2025-09-01 21:06:14;2025-09-01 21:06:14
2516497;1;3;1;3;48;1;5;Latihan 3 pah;1;14;72;72;2025-09-01 21:06:14;2025-09-01 21:06:14
2516498;1;3;1;3;49;1;6;Latihan 3 pak;11;12;45;45;2025-09-01 21:06:14;2025-09-01 21:06:14
2516499;1;3;1;3;50;1;6;Latihan 3 pak;11;12;79;79;2025-09-01 21:06:14;2025-09-01 21:06:14
2516500;1;3;1;3;51;1;61;Latihan 3 pai;29;11;94;94;2025-09-01 21:06:14;2025-09-01 21:06:14
2516501;1;3;1;3;52;1;61;Latihan 3 pai;29;11;73;73;2025-09-01 21:06:14;2025-09-01 21:06:14
2516502;1;3;1;3;53;1;61;Latihan 3 pai;29;11;58;58;2025-09-01 21:06:14;2025-09-01 21:06:14
2516503;1;3;1;3;54;1;61;Latihan 3 pai;29;11;80;80;2025-09-01 21:06:14;2025-09-01 21:06:14
2516504;1;3;1;3;55;1;61;Latihan 3 pai;29;11;88;88;2025-09-01 21:06:14;2025-09-01 21:06:14
2516505;1;3;1;3;56;1;61;Latihan 3 pai;29;11;70;70;2025-09-01 21:06:14;2025-09-01 21:06:14
2516506;1;3;1;3;57;1;61;Latihan 3 pai;29;11;70;70;2025-09-01 21:06:14;2025-09-01 21:06:14
2516507;1;3;1;3;58;1;61;Latihan 3 pai;29;11;70;70;2025-09-01 21:06:14;2025-09-01 21:06:14
2516508;1;3;1;3;59;1;61;Latihan 3 pai;29;11;45;45;2025-09-01 21:06:14;2025-09-01 21:06:14
2516509;1;3;1;3;60;1;61;Latihan 3 pai;29;11;79;79;2025-09-01 21:06:14;2025-09-01 21:06:14
2516510;1;3;1;3;41;1;62;Latihan 4 pai;29;11;53;53;2025-09-01 21:06:14;2025-09-01 21:06:14
2516511;1;3;1;3;42;1;62;Latihan 4 pai;29;11;81;81;2025-09-01 21:06:14;2025-09-01 21:06:14
2516512;1;3;1;3;43;1;62;Latihan 4 pai;29;11;62;62;2025-09-01 21:06:14;2025-09-01 21:06:14
2516513;1;3;1;3;44;1;62;Latihan 4 pai;29;11;69;69;2025-09-01 21:06:14;2025-09-01 21:06:14
2516514;1;3;1;3;45;1;62;Latihan 4 pai;29;11;45;45;2025-09-01 21:06:14;2025-09-01 21:06:14
2516515;1;3;1;3;46;1;62;Latihan 4 pai;29;11;42;42;2025-09-01 21:06:14;2025-09-01 21:06:14
2516516;1;3;1;3;47;1;62;Latihan 4 pai;29;11;92;92;2025-09-01 21:06:14;2025-09-01 21:06:14
2516517;1;3;1;3;48;1;7;Latihan 4 pah;1;14;89;89;2025-09-01 21:06:14;2025-09-01 21:06:14
2516518;1;3;1;3;49;1;8;Latihan 4 pak;11;12;68;68;2025-09-01 21:06:14;2025-09-01 21:06:14
2516519;1;3;1;3;50;1;8;Latihan 4 pak;11;12;85;85;2025-09-01 21:06:14;2025-09-01 21:06:14
2516520;1;3;1;3;51;1;62;Latihan 4 pai;29;11;54;54;2025-09-01 21:06:14;2025-09-01 21:06:14
2516521;1;3;1;3;52;1;62;Latihan 4 pai;29;11;42;42;2025-09-01 21:06:14;2025-09-01 21:06:14
2516522;1;3;1;3;53;1;62;Latihan 4 pai;29;11;100;100;2025-09-01 21:06:14;2025-09-01 21:06:14
2516523;1;3;1;3;54;1;62;Latihan 4 pai;29;11;92;92;2025-09-01 21:06:15;2025-09-01 21:06:15
2516524;1;3;1;3;55;1;62;Latihan 4 pai;29;11;70;70;2025-09-01 21:06:15;2025-09-01 21:06:15
2516525;1;3;1;3;56;1;62;Latihan 4 pai;29;11;93;93;2025-09-01 21:06:15;2025-09-01 21:06:15
2516526;1;3;1;3;57;1;62;Latihan 4 pai;29;11;71;71;2025-09-01 21:06:15;2025-09-01 21:06:15
2516527;1;3;1;3;58;1;62;Latihan 4 pai;29;11;47;47;2025-09-01 21:06:15;2025-09-01 21:06:15
2516528;1;3;1;3;59;1;62;Latihan 4 pai;29;11;65;65;2025-09-01 21:06:15;2025-09-01 21:06:15
2516529;1;3;1;3;60;1;62;Latihan 4 pai;29;11;89;89;2025-09-01 21:06:15;2025-09-01 21:06:15
2516530;1;3;1;3;41;1;63;Latihan 5 pai;29;11;99;99;2025-09-01 21:06:15;2025-09-01 21:06:15
2516531;1;3;1;3;42;1;63;Latihan 5 pai;29;11;71;71;2025-09-01 21:06:15;2025-09-01 21:06:15
2516532;1;3;1;3;43;1;63;Latihan 5 pai;29;11;59;59;2025-09-01 21:06:15;2025-09-01 21:06:15
2516533;1;3;1;3;44;1;63;Latihan 5 pai;29;11;64;64;2025-09-01 21:06:15;2025-09-01 21:06:15
2516534;1;3;1;3;45;1;63;Latihan 5 pai;29;11;65;65;2025-09-01 21:06:15;2025-09-01 21:06:15
2516535;1;3;1;3;46;1;63;Latihan 5 pai;29;11;68;68;2025-09-01 21:06:15;2025-09-01 21:06:15
2516536;1;3;1;3;47;1;63;Latihan 5 pai;29;11;65;65;2025-09-01 21:06:15;2025-09-01 21:06:15
2516537;1;3;1;3;48;1;9;Latihan 5 pah;1;14;57;57;2025-09-01 21:06:15;2025-09-01 21:06:15
2516538;1;3;1;3;49;1;10;Latihan 5 pak;11;12;70;70;2025-09-01 21:06:15;2025-09-01 21:06:15
2516539;1;3;1;3;50;1;10;Latihan 5 pak;11;12;81;81;2025-09-01 21:06:15;2025-09-01 21:06:15
2516540;1;3;1;3;51;1;63;Latihan 5 pai;29;11;76;76;2025-09-01 21:06:15;2025-09-01 21:06:15
2516541;1;3;1;3;52;1;63;Latihan 5 pai;29;11;83;83;2025-09-01 21:06:15;2025-09-01 21:06:15
2516542;1;3;1;3;53;1;63;Latihan 5 pai;29;11;48;48;2025-09-01 21:06:15;2025-09-01 21:06:15
2516543;1;3;1;3;54;1;63;Latihan 5 pai;29;11;86;86;2025-09-01 21:06:15;2025-09-01 21:06:15
2516544;1;3;1;3;55;1;63;Latihan 5 pai;29;11;65;65;2025-09-01 21:06:15;2025-09-01 21:06:15
2516545;1;3;1;3;56;1;63;Latihan 5 pai;29;11;97;97;2025-09-01 21:06:15;2025-09-01 21:06:15
2516546;1;3;1;3;57;1;63;Latihan 5 pai;29;11;69;69;2025-09-01 21:06:15;2025-09-01 21:06:15
2516547;1;3;1;3;58;1;63;Latihan 5 pai;29;11;78;78;2025-09-01 21:06:15;2025-09-01 21:06:15
2516548;1;3;1;3;59;1;63;Latihan 5 pai;29;11;80;80;2025-09-01 21:06:15;2025-09-01 21:06:15
2516549;1;3;1;3;60;1;63;Latihan 5 pai;29;11;83;83;2025-09-01 21:06:15;2025-09-01 21:06:15
2516550;1;3;1;3;41;1;64;Latihan 6 pai;29;11;63;63;2025-09-01 21:06:15;2025-09-01 21:06:15
2516551;1;3;1;3;42;1;64;Latihan 6 pai;29;11;84;84;2025-09-01 21:06:15;2025-09-01 21:06:15
2516552;1;3;1;3;43;1;64;Latihan 6 pai;29;11;70;70;2025-09-01 21:06:15;2025-09-01 21:06:15
2516553;1;3;1;3;44;1;64;Latihan 6 pai;29;11;100;100;2025-09-01 21:06:15;2025-09-01 21:06:15
2516554;1;3;1;3;45;1;64;Latihan 6 pai;29;11;91;91;2025-09-01 21:06:15;2025-09-01 21:06:15
2516555;1;3;1;3;46;1;64;Latihan 6 pai;29;11;50;50;2025-09-01 21:06:15;2025-09-01 21:06:15
2516556;1;3;1;3;47;1;64;Latihan 6 pai;29;11;56;56;2025-09-01 21:06:15;2025-09-01 21:06:15
2516557;1;3;1;3;48;1;11;Latihan 6 pah;1;14;53;53;2025-09-01 21:06:15;2025-09-01 21:06:15
2516558;1;3;1;3;49;1;12;Latihan 6 pak;11;12;75;75;2025-09-01 21:06:15;2025-09-01 21:06:15
2516559;1;3;1;3;50;1;12;Latihan 6 pak;11;12;75;75;2025-09-01 21:06:15;2025-09-01 21:06:15
2516560;1;3;1;3;51;1;64;Latihan 6 pai;29;11;44;44;2025-09-01 21:06:15;2025-09-01 21:06:15
2516561;1;3;1;3;52;1;64;Latihan 6 pai;29;11;83;83;2025-09-01 21:06:15;2025-09-01 21:06:15
2516562;1;3;1;3;53;1;64;Latihan 6 pai;29;11;90;90;2025-09-01 21:06:15;2025-09-01 21:06:15
2516563;1;3;1;3;54;1;64;Latihan 6 pai;29;11;91;91;2025-09-01 21:06:15;2025-09-01 21:06:15
2516564;1;3;1;3;55;1;64;Latihan 6 pai;29;11;69;69;2025-09-01 21:06:15;2025-09-01 21:06:15
2516565;1;3;1;3;56;1;64;Latihan 6 pai;29;11;74;74;2025-09-01 21:06:15;2025-09-01 21:06:15
2516566;1;3;1;3;57;1;64;Latihan 6 pai;29;11;65;65;2025-09-01 21:06:15;2025-09-01 21:06:15
2516567;1;3;1;3;58;1;64;Latihan 6 pai;29;11;62;62;2025-09-01 21:06:15;2025-09-01 21:06:15
2516568;1;3;1;3;59;1;64;Latihan 6 pai;29;11;55;55;2025-09-01 21:06:15;2025-09-01 21:06:15
2516569;1;3;1;3;60;1;64;Latihan 6 pai;29;11;80;80;2025-09-01 21:06:15;2025-09-01 21:06:15
2516570;1;3;1;3;41;2;59;UTS pai;29;11;96;96;2025-09-01 21:03:09;2025-09-01 21:03:09
2516571;1;3;1;3;42;2;59;UTS pai;29;11;79;79;2025-09-01 21:03:08;2025-09-01 21:03:08
2516572;1;3;1;3;43;2;59;UTS pai;29;11;62;62;2025-09-01 21:03:08;2025-09-01 21:03:08
2516573;1;3;1;3;44;2;59;UTS pai;29;11;67;67;2025-09-01 21:03:09;2025-09-01 21:03:09
2516574;1;3;1;3;45;2;59;UTS pai;29;11;86;86;2025-09-01 21:03:09;2025-09-01 21:03:09
2516575;1;3;1;3;46;2;59;UTS pai;29;11;56;56;2025-09-01 21:03:09;2025-09-01 21:03:09
2516576;1;3;1;3;47;2;59;UTS pai;29;11;82;82;2025-09-01 21:03:09;2025-09-01 21:03:09
2516577;1;3;1;3;48;2;1;UTS pah;1;14;49;49;2025-09-01 21:03:09;2025-09-01 21:03:09
2516578;1;3;1;3;49;2;2;UTS pak;11;12;55;55;2025-09-01 21:03:09;2025-09-01 21:03:09
2516579;1;3;1;3;50;2;2;UTS pak;11;12;67;67;2025-09-01 21:03:09;2025-09-01 21:03:09
2516580;1;3;1;3;51;2;59;UTS pai;29;11;81;81;2025-09-01 21:03:09;2025-09-01 21:03:09
2516581;1;3;1;3;52;2;59;UTS pai;29;11;97;97;2025-09-01 21:03:09;2025-09-01 21:03:09
2516582;1;3;1;3;53;2;59;UTS pai;29;11;80;80;2025-09-01 21:03:09;2025-09-01 21:03:09
2516583;1;3;1;3;54;2;59;UTS pai;29;11;40;40;2025-09-01 21:03:09;2025-09-01 21:03:09
2516584;1;3;1;3;55;2;59;UTS pai;29;11;41;41;2025-09-01 21:03:09;2025-09-01 21:03:09
2516585;1;3;1;3;56;2;59;UTS pai;29;11;65;65;2025-09-01 21:03:09;2025-09-01 21:03:09
2516586;1;3;1;3;57;2;59;UTS pai;29;11;49;49;2025-09-01 21:03:09;2025-09-01 21:03:09
2516587;1;3;1;3;58;2;59;UTS pai;29;11;61;61;2025-09-01 21:03:09;2025-09-01 21:03:09
2516588;1;3;1;3;59;2;59;UTS pai;29;11;63;63;2025-09-01 21:03:09;2025-09-01 21:03:09
2516589;1;3;1;3;60;2;59;UTS pai;29;11;43;43;2025-09-01 21:03:09;2025-09-01 21:03:09
2516590;1;3;1;3;41;2;60;UAS pai;29;11;61;61;2025-09-01 21:03:09;2025-09-01 21:03:09
2516591;1;3;1;3;42;2;60;UAS pai;29;11;59;59;2025-09-01 21:03:09;2025-09-01 21:03:09
2516592;1;3;1;3;43;2;60;UAS pai;29;11;51;51;2025-09-01 21:03:09;2025-09-01 21:03:09
2516593;1;3;1;3;44;2;60;UAS pai;29;11;57;57;2025-09-01 21:03:09;2025-09-01 21:03:09
2516594;1;3;1;3;45;2;60;UAS pai;29;11;100;100;2025-09-01 21:03:09;2025-09-01 21:03:09
2516595;1;3;1;3;46;2;60;UAS pai;29;11;64;64;2025-09-01 21:03:09;2025-09-01 21:03:09
2516596;1;3;1;3;47;2;60;UAS pai;29;11;41;41;2025-09-01 21:03:09;2025-09-01 21:03:09
2516597;1;3;1;3;48;2;3;UAS pah;1;14;56;56;2025-09-01 21:03:09;2025-09-01 21:03:09
2516598;1;3;1;3;49;2;4;UAS pak;11;12;77;77;2025-09-01 21:03:09;2025-09-01 21:03:09
2516599;1;3;1;3;50;2;4;UAS pak;11;12;50;50;2025-09-01 21:03:09;2025-09-01 21:03:09
2516600;1;3;1;3;51;2;60;UAS pai;29;11;65;65;2025-09-01 21:03:09;2025-09-01 21:03:09
2516601;1;3;1;3;52;2;60;UAS pai;29;11;72;72;2025-09-01 21:03:09;2025-09-01 21:03:09
2516602;1;3;1;3;53;2;60;UAS pai;29;11;44;44;2025-09-01 21:03:09;2025-09-01 21:03:09
2516603;1;3;1;3;54;2;60;UAS pai;29;11;48;48;2025-09-01 21:03:09;2025-09-01 21:03:09
2516604;1;3;1;3;55;2;60;UAS pai;29;11;73;73;2025-09-01 21:03:09;2025-09-01 21:03:09
2516605;1;3;1;3;56;2;60;UAS pai;29;11;77;77;2025-09-01 21:03:09;2025-09-01 21:03:09
2516606;1;3;1;3;57;2;60;UAS pai;29;11;76;76;2025-09-01 21:03:09;2025-09-01 21:03:09
2516607;1;3;1;3;58;2;60;UAS pai;29;11;44;44;2025-09-01 21:03:09;2025-09-01 21:03:09
2516608;1;3;1;3;59;2;60;UAS pai;29;11;100;100;2025-09-01 21:03:09;2025-09-01 21:03:09
2516609;1;3;1;3;60;2;60;UAS pai;29;11;89;89;2025-09-01 21:03:09;2025-09-01 21:03:09
